FECHA_2;HORA;POZO;OPERACIÓN (DRILLING, TRIPPING, BACK REAMING);Profundidad (ft);"VOLTAJE DE SALIDA DRAWORKS 
VAC ";CORRIENTE DE SALIDA DRAWORK Aac;"VOLTAJE DE SALIDA TOP DRIVE 
VAC";CORRIENTE DE SALIDA TOP DRIVE Aac;PRESION STAND-PIPE;"SPM
MP2 NOV    FL-1000";VOLTAJE DE SALIDA Motor MP2 Vac;CORRIENTE DE SALIDA Motor MP2 Aac;"SPM
MP1 NOV    FL-1000";VOLTAJE DE SALIDA Motor  MP1 Vac;CORRIENTE DE SALIDA Motor MP1 Aac;Corriente  HPU1 Aac;Corriente  HPU2 Aac;% Carga VFD;POTENCIA MTU(1) GEN 1  kW;CORRIENTE Gen 1 Aac;% INYECCION MTU-1;POTENCIA MTU(2) GEN 2 KW;CORRIENTE Gen 2 Aac;% INYECCION MTU-2;POTENCIA MTU(3) GEN 3 KW;CORRIENTE Gen 3 Aac;% INYECCION MTU-3;"CONSUMO DIESEL
GLS x 24 H";"HOROMETRO
MTU 1";"CONSUMO DIESEL MTU 2
GLS x 24 H";"HOROMETRO
MTU 2";"CONSUMO DIESEL MTU 3
GLS x 24 H";"HOROMETRO
MTU 3";"HOROMETRO
QSL-9 
CAMPAMENTO";OTROS CONSUMOS;CONSUMO DIESEL TOTAL GENERADORES;CUNSUMO DIESEL  QSL-9     CAMP
9/05/2022;6:00;48H;NPT;625;0;0;0;0;0;0;0;0;0;0;0;38;0;15;120;200;no lectura;0;0;no lectura;0;0;no lectura;;;;;;;;;;
9/05/2022;10:00;48H;NPT;625;0;0;0;0;0;0;0;0;0;0;0;38;0;15;120;200;no lectura;0;0;no lectura;0;0;no lectura;;;;;;;;;;
9/05/2022;14:00;48H;DRILLING;800;32;544;3,5;38;1000;75;452;420;75;451;425;36;0;30;220;260;no lectura;178;235;no lectura;0;0;no lectura;;;;;;;;;;
9/05/2022;18:00;48H;DRILLING;1050;70;546;166;53;2016;84;560;469;84;563;481;35;0;40;338;388;no lectura;0;0;no lectura;350;372;no lectura;;18830;;16333;;12546;20101;218;643;
9/05/2022;22:00;48H;DRILLING;1526;109;542;0.5;38;1654;84;562;457;84;561;466;35;0;35;278;317;no lectura;0;0;no lectura;358;402;no lectura;;;;;;;;;;
4/01/2021;6:00;48H;CIRCULANDO;2268;4.1;538;0.3;37;1660;67;451;441;67;451;455;35;0;30;250;399;no lectura;0;0;no lectura;263;294;no lectura;;;;;;;;;;
4/01/2021;10:00;48H;PERFORANDO FASE 2;2596;5;562;172;57;2667;84;561;509;84;562;509;35;0;40;386;423;no lectura;0;0;no lectura;422;453;no lectura;;;;;;;;;;
4/01/2021;14:00;48H;PERFORANDO FASE 2;2853;51;554;200;84;2815;84;563;522;84;564;544;37;0;40;0;0;no lectura;287;337;no lectura;537;557;no lectura;;;;;;;;;;
4/01/2021;18:00;48H;PERFORANDO FASE 2;3082;9,2;531;5,1;61;3051;84;563;533;84;561;532;36;0;45;0;0;no lectura;360;385;no lectura;477;531;no lectura;;18854;;16343;;15546;20125;527;1288;
4/01/2021;22:00;48H;PERFORANDO FASE 2;3526;20;540;0;0;2404;73;492;492;73;485;505;36;0;40;0;0;no lectura;279;323;no lectura;406;450;no lectura;;;;;;;;;;
5/01/2021;6:00;48H;PERFORANDO FASE 2;3670;2;563;0;0;2276;76;504;473;76;505;496;37;0;35;0;0;no lectura;304;344;no lectura;382;426;no lectura;;;;;;;;;;
5/01/2021;10:00;48H;PERFORANDO FASE 2;3874;26;581;189;90;2403;76;511;495;76;511;511;38;0;38;417;369;no lectura;308;368;no lectura;0;0;no lectura;;;;;;;;;;
5/01/2021;14:00;48H;PERFORANDO FASE 2;4095;6,2;541;0;0;2465;76;505;501;76;505;489;36;0;38;0;0;no lectura;312;360;no lectura;383;417;no lectura;;;;;;;;;;
5/01/2021;18:00;48H;TRIP OUT;3390;158;532;0;0;0;0;0;0;0;0;0;37;0;30;0;0;no lectura;0;0;no lectura;295;376;no lectura;;18860;;16364;;12564;20149;255;1178;
5/01/2021;22:00;48H;TRIP OUT;1800;150;540;0;0;0;0;0;0;0;0;0;35;0;25;0;0;no lectura;0;0;no lectura;250;300;no lectura;;;;;;;;;;
6/01/2021;6:00;48H;TRIP IN;1184;100;550;0;0;0;0;0;0;0;0;0;35;0;20;0;0;no lectura;0;0;no lectura;150;250;no lectura;;;;;;;;;;
6/01/2021;10:00;48H;OPERACIÓN DE PEZCA;2200;28;579;4;40;0;0;0;0;0;0;0;38;0;35;300;350;no lectura;0;0;no lectura;0;0;no lectura;;;;;;;;;;
6/01/2021;14:00;48H;OPERACIÓN DE PEZCA;2972;28;579;4;40;1757;68;458;449;68;458;474;34;0;35;260;300;no lectura;0;0;no lectura;300;320;no lectura;;;;;;;;;;
6/01/2021;18:00;48H;TRABAJANDO SARTA;3550;50;550;4;40;1664;68;450;449;68;450;470;35;0;30;246;278;no lectura;0;0;no lectura;305;345;no lectura;;18860;;16364;;12574;20173;342;692;
6/01/2021;22:00;48H;TRABAJANDO SARTA;3550;25;571;16;207;0;0;0;0;0;0;0;38;0;20;0;0;0;0;0;0;150;250;no lectura;;;;;;;;;;
7/01/2021;6:00;48H;BACK REAMING;3177;16;583;100;85;1794;67;451;453;67;451;466;37;0;55;0;0;0;0;0;0;512;566;no lectura;;;;;;;;;;
7/01/2021;10:00;48H;TRIP OUT;2769;50;550;0;0;0;0;0;0;0;0;0;35;0;25;0;0;0;0;0;0;203;297;no lectura;;;;;;;;;;
7/01/2021;14:00;48H;TRIP OUT;2429;90;591;0;0;0;0;0;0;0;0;0;37;0;28;0;0;0;0;0;0;217;295;no lectura;;;;;;;;;;
7/01/2021;18:00;48H;TRIP OUT;739;121;554;0;0;0;0;0;0;0;0;0;35;0;20;0;0;0;0;0;0;110;185;no lectura;;18860;;16378;;12598;20197;254;452;
7/01/2021;22:00;48H;DESARMANDO BHA DIRECCIONAL #2;100;5;550;0;0;0;0;0;0;0;0;0;35;0;15;0;0;0;0;0;0;112;177;no lectura;;;;;;;;;;
8/01/2021;6:00;48H;MANTENIMIENTO TOP DRIVE;0;0;0;0;0;0;0;0;0;0;0;0;30;0;15;0;0;0;0;0;0;112;150;no lectura;;;;;;;;;;
8/01/2021;10:00;48H;MANTENIMIENTO TOP DRIVE;0;0;0;0;0;0;0;0;0;0;0;0;34;0;15;0;0;0;0;0;0;110;150;no lectura;;;;;;;;;;
8/01/2021;14:00;48H;ARMANDO BHA #2 DIRECCIONAL;200;5;550;0;0;0;0;0;0;0;0;0;35;0;20;0;0;0;0;0;0;200;250;no lectura;;;;;;;;;;
8/01/2021;18:00;48H;TRIP IN;2417;35;573;88;68;1594;101;574;379;0;0;0;35;0;50;0;0;0;0;0;0;420;485;no lectura;;18860;;16378;;12622;20221;267;408;
8/01/2021;22:00;48H;PERFORANDO FASE 2;2483;12;543;167;60;1600;128;576;352;0;0;0;34;0;60;0;0;0;0;0;0;486;545;no lectura;;;;;;;;;;
9/01/2021;6:00;48H;PERFORANDO FASE 2;2683;5;572;1;38;2117;74;491;478;74;491;489;35;0;40;297;314;no lectura;0;0;0;335;386;no lectura;;;;;;;;;;
9/01/2021;10:00;48H;PERFORANDO FASE 2;3043;22;553;216;129;2906;82;551;542;82;552;546;35;0;55;376;427;no lectura;0;0;0;506;526;no lectura;;;;;;;;;;
9/01/2021;14:00;48H;PERFORANDO FASE 2;3189;30;550;2;40;2400;82;550;540;82;551;580;35;0;50;0;0;no lectura;300;350;no lectura;450;500;no lectura;;;;;;;;;;
9/01/2021;18:00;48H;PERFORANDO FASE 2;3343;69;551;2;40;2118;82;543;481;82;544;466;35;0;45;0;0;0;263;305;no lectura;400;453;no lectura;;18874;;16384;;12634;20245;322;1237;
9/01/2021;22:00;48H;PERFORANDO FASE 2;3450;4,4;555;4;40;2782;85;553;503;85;554;496;35;0;50;402;431;no lectura;0;0;0;453;474;no lectura;;;;;;;;;;
10/01/2021;6:00;48H;PERFORANDO FASE 2;3610;5;550;4;40;2730;77;510;520;77;510;518;33;0;50;398;430;no lectura;0;0;0;450;470;no lectura;;;;;;;;;;
10/01/2021;10:00;48H;PERFORANDO FASE 2;3785;111;553;211;112;2720;77;511;524;77;510;528;33;0;50;395;425;no lectura;0;0;0;437;470;no lectura;;;;;;;;;;
10/01/2021;14:00;48H;PERFORANDO FASE 2;3970;74;592;2,7;40;2289;77;511;482;77;511;500;34;0;45;335;356;no lectura;0;0;0;450;492;no lectura;;;;;;;;;;
10/01/2021;18:00;48H;CIRCULANDO;4579;5;576;45;91;2201;77;512;483;77;510;486;33;0;43;342;366;no lectura;0;0;0;388;418;no lectura;;18898;;16384;;12658;20269;344;1304;
10/01/2021;22:00;48H;TRIP OUT;4000;50;560;4;40;0;0;0;0;0;0;0;34;0;30;250;300;no lectura;0;0;0;300;350;no lectura;;;;;;;;;;
11/01/2021;6:00;48H;TRIP OUT;2200;132;613;0;0;0;0;0;0;0;0;0;34;0;30;0;0;0;0;0;0;250;300;no lectura;;;;;;;;;;
11/01/2021;10:00;48H;TRIP OUT;98;4;538;0;0;0;0;0;0;0;0;0;35;0;15;0;0;0;0;0;0;178;251;no lectura;;;;;;;;;;
11/01/2021;14:00;48H;"BAJANDO CASING DE 7""";105;4;539;0;0;0;0;0;0;0;0;0;35;0;16;0;0;0;0;0;0;143;221;no lectura;;;;;;;;;;
11/01/2021;18:00;48H;"BAJANDO CASING DE 7""";545;5;569;0;0;0;0;0;0;0;0;0;34;0;15;0;0;0;0;0;0;153;243;no lectura;;18898;;16384;;12682;20293;600;582;
11/01/2021;22:00;48H;"BAJANDO CASING DE 7""";970;36;551;0;0;0;0;0;0;0;0;0;32;0;25;0;0;0;0;0;0;184;264;no lectura;;;;;;;;;;
12/01/2021;6:00;48H;"POSICIONANDO CASING DE 7""";4424;229;609;3;39;21;15;103;401;0;0;0;33;0;20;0;0;0;0;0;0;204;288;no lectura;;;;;;;;;;
12/01/2021;10:00;48H;RECIPROCANDO;4418;197;554;0;0;0;0;0;0;0;0;0;33;0;23;52;64;no lectura;91;194;no lectura;0;0;0;;;;;;;;;;
12/01/2021;14:00;48H;ADECUANDO EQUIPO PARA CEMENTACION;4421;4;543;0;0;0;0;0;0;0;0;0;32;0;14;145;217;no lectura;0;0;0;0;0;0;;;;;;;;;;
12/01/2021;18:00;48H;CEMENTANDO;4421;0;0;0;0;0;0;0;0;0;0;0;32;0;10;94;143;no lectura;0;0;0;0;0;0;;18906;;16384;;12682;20296;143;929;
12/01/2021;22:00;48H;ADACTANDO BOP -SECCION B;4421;0;0;0;0;0;0;0;0;0;0;0;33;0;7;77;126;no lectura;0;0;0;0;0;0;;;;;;;;;;
13/01/2021;6:00;48H;ARMANDO BHA # 5;4421;4;545;0;0;0;0;0;0;0;0;0;34;0;13;129;208;no lectura;0;0;0;0;0;0;;;;;;;;;;
13/01/2021;10:00;48H;PERFORANDO FASE 3;200;4;542;0;0;0;0;0;0;0;0;0;33;0;13;131;226;no lectura;0;0;0;0;0;0;;;;;;;;;;
13/01/2021;14:00;48H;PERFORANDO FASE 3;3351;75;538;0;0;0;0;0;0;0;0;0;34;0;11;171;249;no lectura;0;0;0;0;0;0;;;;;;;;;;
13/01/2021;18:00;48H;PERFORANDO FASE 3;4401;5;566;160;100;1197;0;0;0;67;451;435;34;0;16;178;246;no lectura;0;0;0;154;181;no lectura;;18932;;16384;;12698;20320;30;885;
13/01/2021;22:00;48H;PERFORANDO FASE 3;4566;4;546;-2;40;14;0;0;0;0;0;0;34;0;10;89;108;no lectura;0;0;0;94;134;no lectura;;;;;;;;;;
14/01/2021;6:00;48H;PERFORANDO FASE 3;5116;82;605;-1;40;5;0;0;0;0;0;0;35;0;10;84;155;no lectura;0;0;0;42;76;no lectura;;;;;;;;;;
14/01/2021;10:00;48H;TRIP OUT CORTO;4661;166;693;0;0;0;0;0;0;0;0;0;34;0;7;85;156;no lectura;0;0;0;49;79;no lectura;;;;;;;;;;
14/01/2021;14:00;48H;PERFORANDO FASE 3;5243;130;601;2;39;1336;0;0;0;74;497;437;35;0;22;184;215;no lectura;0;0;0;213;251;no lectura;;;;;;;;;;
14/01/2021;18:00;48H;TRIP OUT;3538;118;582;-2;50;1253;0;0;0;74;497;443;34;0;40;386;469;no lectura;0;0;0;0;0;0;;18943;;16382;;12729;20344;105;1342;
14/01/2021;22:00;48H;TRIP OUT;2392;624;504;0;0;0;0;0;0;0;0;0;34;0;11;0;0;0;83;172;no lectura;0;0;0;;;;;;;;;;
15/01/2021;6:00;48H;REGISTROS;145;0;0;0;0;0;0;0;0;0;0;0;34;0;6;0;0;0;53;129;no lectura;0;0;0;;;;;;;;;;
15/01/2021;10:00;48H;REGISTROS;145;0;0;0;0;0;0;0;0;0;0;0;34;0;7;0;0;0;58;132;no lectura;0;0;0;;;;;;;;;;
15/01/2021;14:00;48H;"BAJANDO LINER RANURADO 4 1/2""";145;4;544;0;0;0;0;0;0;0;0;0;33;0;13;0;0;0;101;190;no lectura;0;0;0;;;;;;;;;;
15/01/2021;18:00;48H;"BAJANDO LINER RANURADO 4 1/2""";145;4;541;0;0;0;0;0;0;0;0;0;0;34;8;0;0;0;89;128;no lectura;0;0;0;;18943;;16406;;12729;20389;252;696;
15/01/2021;22:00;48H;"BAJANDO LINER RANURADO 4 1/2""";145;4;541;0;0;0;0;0;0;0;0;0;0;34;9;0;0;0;81;124;no lectura;0;0;0;;;;;;;;;;
16/01/2021;6:00;48H;"BAJANDO LINER RANURADO 4 1/2""";3774;46;537;0;0;0;0;0;0;0;0;0;0;34;21;0;0;0;105;164;no lectura;0;0;0;;;;;;;;;;
16/01/2021;10:00;48H;"BAJANDO LINER RANURADO 4 1/2""";5291;0;0;0;0;100;0;0;0;39;83;397;0;34;10;0;0;0;94;165;no lectura;0;0;0;;;;;;;;;;
16/01/2021;14:00;48H;CIRCULANDO;5285;19;535;2;38;78;30;201;405;0;0;0;0;34;16;0;0;0;161;262;no lectura;0;0;0;;;;;;;;;;
16/01/2021;18:00;48H;TRIP OUT;2280;4;541;0;0;0;0;0;0;0;0;0;0;33;7;0;0;0;72;131;no lectura;0;0;0;;18943;;16428;;12729;20413;300;594;
16/01/2021;22:00;48H;TRIP OUT;0;0;0;0;0;0;0;0;0;0;0;0;0;34;8;0;0;0;74;136;no lectura;0;0;0;;;;;;;;;;
17/01/2021;6:00;48H;ESPERANDO HERRAMIENTA DE PEZCA;0;0;0;0;0;0;0;0;0;0;0;0;0;0;7;0;0;0;73;133;no lectura;0;0;0;;;;;;;;;;
17/01/2021;10:00;48H;ESPERANDO HERRAMIENTA DE PEZCA;0;0;0;0;0;0;0;0;0;0;0;0;0;33;8;0;0;0;74;135;no lectura;0;0;0;;;;;;;;;;
17/01/2021;14:00;48H;ESPERANDO HERRAMIENTA DE PEZCA;0;0;0;0;0;0;0;0;0;0;0;0;0;34;7;0;0;0;72;132;no lectura;0;0;0;;;;;;;;;;
17/01/2021;18:00;48H;TRIP IN;105;4;544;0;0;0;0;0;0;0;0;0;0;34;9;0;0;0;82;128;no lectura;0;0;0;;18943;;16452;;12729;20437;300;508;
17/01/2021;22:00;48H;TRIP IN;1508;4;546;0;0;0;0;0;0;0;0;0;0;33;13;0;0;0;102;193;no lectura;0;0;0;;;;;;;;;;
18/01/2021;6:00;48H;TRIP OUT;1948;312;557;0;0;0;0;0;0;0;0;0;0;34;7;0;0;0;140;187;no lectura;0;0;0;;;;;;;;;;
18/01/2021;10:00;48H;TRIP OUT;392;4;539;0;0;0;0;0;0;0;0;0;0;33;8;0;0;0;74;125;no lectura;0;0;0;;;;;;;;;;
18/01/2021;14:00;48H;VERIFICANDO HERRAMIENTA PEZCA;392;4;544;0;0;0;0;0;0;0;0;0;0;34;6;0;0;0;66;108;no lectura;0;0;0;;;;;;;;;;
18/01/2021;18:00;48H;TRIP IN;3239;117;589;0;0;0;0;0;0;0;0;0;0;34;10;0;0;0;96;142;no lectura;0;0;0;;18943;;16476;;12729;20461;60;513;
18/01/2021;22:00;48H;TRIP IN;4248;4;540;0;0;0;0;0;0;0;0;0;0;34;7;0;0;0;77;122;no lectura;0;0;0;;;;;;;;;;
19/01/2021;6:00;48H;SACANDO BHA # 7 DE PESCA;372;4;544;0;0;0;0;0;0;0;0;0;0;34;10;0;0;0;115;147;no lectura;0;0;0;;;;;;;;;;
19/01/2021;10:00;48H;ARAMANDO BHA # 8 DE PESCA;372;0;0;0;0;0;0;0;0;0;0;0;0;33;7;0;0;0;73;118;no lectura;0;0;0;;;;;;;;;;
19/01/2021;14:00;48H;ARAMANDO BHA # 8 DE PESCA;1218;4;534;0;0;0;0;0;0;0;0;0;0;33;7;0;0;0;68;120;no lectura;0;0;0;;;;;;;;;;
19/01/2021;18:00;48H;ARAMANDO BHA # 8 DE PESCA;3655;471;589;0;0;0;0;0;0;0;0;0;0;34;11;0;0;0;57;100;no lectura;0;0;0;;18943;;16500;;12729;20485;14;615;
19/01/2021;22:00;48H;ARAMANDO BHA # 8 DE PESCA;4257;0;0;0;0;0;0;0;0;0;0;0;0;34;4;0;0;0;51;92;no lectura;0;0;0;;;;;;;;;;
20/01/2021;6:00;48H;SACANDO BHA # 8 DE PESCA;1112;4;544;0;0;0;0;0;0;0;0;0;0;34;9;0;0;0;98;148;no lectura;0;0;0;;;;;;;;;;
20/01/2021;10:00;48H;SACANDO BHA # 8 DE PESCA;480;4;552;0;0;0;0;0;0;0;0;0;0;34;10;0;0;0;89;143;no lectura;0;0;0;;;;;;;;;;
20/01/2021;14:00;48H;BAJANDO BHA # 9 DE PESCA;1052;4;532;0;0;0;0;0;0;0;0;0;0;33;8;0;0;0;74;126;no lectura;0;0;0;;;;;;;;;;
20/01/2021;18:00;48H;BAJANDO BHA # 9 DE PESCA;3786;497;554;0;0;0;0;0;0;0;0;0;0;34;6;0;0;0;50;95;no lectura;0;0;0;;18943;;16524;;12729;20509;15;806;
20/01/2021;22:00;48H;BAJANDO BHA # 9 DE PESCA;4600;4;548;0;0;0;0;0;0;0;0;0;0;34;7;0;0;0;67;122;no lectura;0;0;0;;;;;;;;;;
21/01/2021;6:00;48H;BAJANDO BHA # 9 DE PESCA;1795;90;527;0;0;0;0;0;0;0;0;0;0;34;9;0;0;0;78;127;no lectura;0;0;0;;;;;;;;;;
21/01/2021;10:00;48H;BAJANDO BHA # 9 DE PESCA;73;0;0;0;0;0;0;0;0;0;0;0;0;33;8;0;0;0;79;129;no lectura;0;0;0;;;;;;;;;;
21/01/2021;14:00;48H;SACANDO Y QUEBRANDO WASH PIPE;73;4;547;0;0;0;0;0;0;0;0;0;0;34;7;0;0;0;65;96;no lectura;0;0;0;;;;;;;;;;
21/01/2021;18:00;48H;SACANDO Y QUEBRANDO WASH PIPE;73;4;536;0;0;0;0;0;0;0;0;0;0;34;4;0;0;0;41;71;no lectura;0;0;0;;18943;;16548;;12729;20523;55;727;
21/01/2021;22:00;48H;SACANDO Y QUEBRANDO WASH PIPE;43;4;549;0;0;0;0;0;0;0;0;0;0;34;17;0;0;0;82;127;no lectura;0;0;0;;;;;;;;;;
22/01/2021;6:00;48H;BAJANDO BHA #10 DESPLAZAMIENTO;4719;37;606;0;0;0;0;0;0;0;0;0;0;34;7;0;0;0;70;121;no lectura;0;0;0;;;;;;;;;;
22/01/2021;10:00;48H;SACANDO BHA # 10 ;4128;210;576;0;0;0;0;0;0;0;0;0;0;33;7;0;0;0;54;97;no lectura;0;0;0;;;;;;;;;;
22/01/2021;14:00;48H;SACANDO BHA # 10 ;2870;393;616;0;0;0;0;0;0;0;0;0;0;34;6;0;0;0;61;115;no lectura;0;0;0;;;;;;;;;;
22/01/2021;18:00;48H;SACANDO BHA # 10 ;1247;4;542;0;0;0;0;0;0;0;0;0;0;34;8;0;0;0;60;108;no lectura;0;0;0;;18943;;16572;;12729;20547;85;419;
22/01/2021;22:00;48H;SACANDO BHA # 10 ;1247;4;545;0;0;0;0;0;0;0;0;0;0;33;7;0;0;0;72;117;no lectura;0;0;0;;;;;;;;;;
23/01/2021;6:00;48H;ARMANDO EQUIPO ESP;132;4;539;0;0;0;0;0;0;0;0;0;0;34;5;0;0;0;55;111;no lectura;0;0;0;;;;;;;;;;
23/01/2021;10:00;48H;BAJANDO EQUIPO ESP;970;27;537;0;0;0;0;0;0;0;0;0;0;34;6;0;0;0;57;111;no lectura;0;0;0;;;;;;;;;;
23/01/2021;14:00;48H;BAJANDO EQUIPO ESP;1267;386;602;0;0;0;0;0;0;0;0;0;0;34;6;0;0;0;67;117;no lectura;0;0;0;;;;;;;;;;
23/01/2021;18:00;48H;BAJANDO EQUIPO ESP;1771;4;547;0;0;0;0;0;0;0;0;0;0;34;7;0;0;0;72;126;no lectura;0;0;0;;18943;;16596;;12729;20571;0;772;
23/01/2021;22:00;48H;BAJANDO EQUIPO ESP;2432;24;547;0;0;0;0;0;0;0;0;0;0;34;6;0;0;0;55;109;no lectura;0;0;0;;;;;;;;;;
24/03/2021;6:00;HAM 47H;INICIO DE PERF PRIMERA FASE;34;4;550;0;0;0;0;0;0;0;0;0;0;35;13;0;0;0;124;205;no lectura;0;0;0;;;;;;;;;;
24/03/2021;10:00;HAM 47H;DRILLING;222;25;524;-1;39;642;64;424;412;64;424;425;0;35;20;200;247;no lectura;201;239;no lectura;0;0;0;;;;;;;;;;
24/03/2021;14:00;HAM 47H;DRILLING;432;4;550;0;0;920;89;564;375;89;496;434;0;34;21;183;226;no lectura;219;266;no lectura;0;0;0;;;;;;;;;;
24/03/2021;18:00;HAM 47H;DRILLING;649;241;527;0;0;0;0;0;0;0;0;0;0;34;12;0;0;0;168;250;no lectura;0;0;0;;19028;;16602;;12746;21220;197;1074;
24/03/2021;22:00;HAM 47H;ALISTADO CASING;649;0;0;0;0;0;;0;0;0;0;0;0;34;11;0;0;0;117;196;no lectura;0;0;0;;;;;;;;;;
25/03/2021;6:00;HAM 47H;ARMANDO PREVENTORA;649;4;538;0;0;0;0;0;0;0;0;0;0;35;12;0;0;0;117;196;no lectura;0;0;0;;;;;;;;;;
25/03/2021;10:00;HAM 47H;ARMANDO PREVENTORA;649;4;531;0;0;0;0;0;0;0;0;0;0;34;15;0;0;0;150;259;no lectura;0;0;0;;;;;;;;;;
25/03/2021;14:00;HAM 47H;ARMANDO BHA #2 DIRECCIONAL;649;4;556;0;0;0;0;0;0;0;0;0;0;34;14;0;0;0;136;252;no lectura;0;0;0;;;;;;;;;;
25/03/2021;18:00;HAM 47H;ARMANDO BHA #2 DIRECCIONAL;649;4;542;-1;40;0;0;0;0;0;0;0;0;34;16;0;0;0;148;255;no lectura;0;0;0;;19028;;16626;;12746;21244;261;716;
25/03/2021;22:00;HAM 47H;BAJANDO BHA #2 ;649;0;0;3;38;0;0;0;0;0;0;0;0;34;14;0;0;0;144;271;no lectura;0;0;0;;;;;;;;;;
26/03/2021;6:00;HAM 47H;PERFORANDO SEGUNDA FASE;1162;51;570;0;0;2154;119;562;467;104;560;361;0;35;30;409;432;no lectura;367;442;no lectura;0;0;0;;;;;;;;;;
26/03/2021;10:00;HAM 47H;PERFORANDO SEGUNDA FASE;1408;4;547;149;48;2103;108;567;405;117;578;358;0;34;31;387;410;no lectura;268;306;no lectura;0;0;0;;;;;;;;;;
26/03/2021;14:00;HAM 47H;PERFORANDO SEGUNDA FASE;1720;173;529;161;49;2412;93;562;496;93;555;491;0;35;45;496;523;no lectura;398;458;no lectura;0;0;0;;;;;;;;;;
26/03/2021;18:00;HAM 47H;PERFORANDO SEGUNDA FASE;1938;16;552;13;80;2657;93;561;519;93;558;485;0;35;46;501;525;no lectura;361;416;no lectura;0;0;0;;19048;;16650;;12746;21268;165;895;
26/03/2021;22:00;HAM 47H;PERFORANDO SEGUNDA FASE;2319;23;560;166;62;2942;93;568;518;94;561;519;0;34;50;544;592;no lectura;435;467;no lectura;0;0;0;;;;;;;;;;
27/03/2021;6:00;HAM 47H;PERFORANDO SEGUNDA FASE;3081;112;571;3;46;3019;93;558;545;93;557;526;0;34;48;525;555;no lectura;412;450;no lectura;0;0;0;;;;;;;;;;
27/03/2021;10:00;HAM 47H;PERFORANDO SEGUNDA FASE;3204;29;540;194;93;3204;93;562;556;93;560;549;0;34;50;555;603;no lectura;454;477;no lectura;0;0;0;;;;;;;;;;
27/03/2021;14:00;HAM 47H;PERFORANDO SEGUNDA FASE;3446;10;572;2;38;2891;88;558;536;88;563;554;0;35;44;479;502;no lectura;4120;474;no lectura;0;0;0;;;;;;;;;;
27/03/2021;18:00;HAM 47H;PERFORANDO SEGUNDA FASE;3676;-1;39;-1;40;2820;85;559;549;91;560;542;0;34;43;470;489;no lectura;410;475;no lectura;0;0;0;;19072;;16674;;12746;21310;163;1951;
27/03/2021;22:00;HAM 47H;PERFORANDO SEGUNDA FASE;3865;4;556;-1;41;2516;82;551;525;83;558;526;0;35;39;413;465;no lectura;407;443;no lectura;0;0;0;;;;;;;;;;
28/03/2021;6:00;HAM 47H;PERFORANDO SEGUNDA FASE;4293;107;553;193;80;2405;93;563;474;111;561;375;0;34;40;424;461;no lectura;368;408;no lectura;0;0;0;;;;;;;;;;
28/03/2021;10:00;HAM 47H;PERFORANDO SEGUNDA FASE;4310;90;563;2;41;2532;96;564;475;112;564;371;0;34;43;517;554;no lectura;398;427;no lectura;0;0;0;;;;;;;;;;
28/03/2021;14:00;HAM 47H;PERFORANDO SEGUNDA FASE;4459;se;presenta;falla;en ;un;drive;;;;;;;34;9;77;122;no lectura;86;140;no lectura;0;0;0;;;;;;;;;;
28/03/2021;18:00;HAM 47H;CIRCULANDO;4459;2;623;0;0;0;0;0;0;0;0;0;0;34;13;82;163;no lectura;97;124;no lectura;0;0;0;;19096;;16698;;12746;21334;158;1827;
28/03/2021;22:00;HAM 47H;SACANDO TUBERIA;4459;4;545;0;0;0;0;0;0;0;0;0;0;34;16;0;0;0;154;271;no lectura;0;0;0;;;;;;;;;;
29/03/2021;6:00;HAM 47H;"BAJANDO CASING DE 7""";62;0;0;3;41;0;0;0;0;0;0;0;0;34;12;0;0;0;122;227;no lectura;0;0;0;;;;;;;;;;
29/03/2021;10:00;HAM 47H;"BAJANDO CASING DE 7""";62;0;0;0;0;0;0;0;0;0;0;0;0;0;9;0;0;0;80;121;no lectura;0;0;0;;;;;;;;;;
29/03/2021;14:00;HAM 47H;"BAJANDO CASING DE 7""";2328;264;562;-3;72;0;0;0;0;0;0;0;0;34;10;0;0;0;100;194;no lectura;0;0;0;;;;;;;;;;
29/03/2021;18:00;HAM 47H;CEMENTANDO ;4419;309;601;-1;41;8;0;0;0;0;-4;372;0;34;18;174;197;no lectura;0;0;0;0;0;0;;19120;;16718;;12746;21358;176;718;
29/03/2021;22:00;HAM 47H;CEMENTANDO ;4449;387;556;0;0;0;0;0;0;0;0;0;0;34;26;319;330;no lectura;0;0;0;0;0;0;;;;;;;;;;
30/03/2021;6:00;HAM 47H;BAJANDO BHA # 4;1275;11;562;0;0;0;0;0;0;0;0;0;0;34;11;155;171;no lectura;0;0;0;0;0;0;;;;;;;;;;
30/03/2021;10:00;HAM 47H;BAJANDO BHA # 4;2336;7;539;0;0;0;0;0;0;0;0;0;0;34;12;157;175;no lectura;0;0;0;0;0;0;;;;;;;;;;
30/03/2021;14:00;HAM 47H;BAJANDO BHA # 4;3675;9;559;0;0;0;0;0;0;0;0;0;0;34;13;160;182;no lectura;0;0;0;0;0;0;;;;;;;;;;
30/03/2021;18:00;HAM 47H;PERFORANDO TAPON DE CEMENTO ;4368;1;549;316;116;1296;0;0;0;132;571;332;0;34;46;447;445;no lectura;0;0;0;0;0;0;;19144;;16718;;12746;21382;123;591;
30/03/2021;22:00;HAM 47H;PERFORANDO TAPON DE CEMENTO ;4435;8;588;0;0;0;0;0;0;0;0;0;0;34;15;115;133;no lectura;0;0;0;0;0;0;;;;;;;;;;
31/03/2021;6:00;HAM 47H;ARMANDO BHA # 5;0;0;0;0;0;0;0;0;0;0;0;0;0;34;9;77;122;no lectura;0;0;0;0;0;0;;;;;;;;;;
31/03/2021;10:00;HAM 47H;ARMANDO BHA # 5;0;3;39;0;0;0;0;0;0;0;0;0;0;34;12;124;142;no lectura;0;0;0;0;0;0;;;;;;;;;;
31/03/2021;14:00;HAM 47H;BAJANDO BHA # 5;252;4;537;2;39;0;0;0;0;0;0;0;0;35;14;144;162;no lectura;0;0;0;0;0;0;;;;;;;;;;
31/03/2021;18:00;HAM 47H;BAJANDO BHA # 5;166;629;337;0;0;0;0;0;0;0;0;0;0;34;43;141;161;no lectura;0;0;0;0;0;0;;19168;;16718;;12746;21406;165;618;
31/03/2021;22:00;HAM 47H;PERFORANDO TERCERA FASE;4939;12;558;310;97;1372;0;0;0;78;516;451;0;34;27;252;258;no lectura;0;0;0;0;0;0;;;;;;;;;;
1/04/2021;6:00;HAM 47H;PERFORANDO TERCERA FASE;4939;12;558;310;97;1372;78;516;451;0;0;0;0;34;27;252;258;no lectura;0;0;0;300;321;no lectura;;;;;;;;;;
1/04/2021;10:00;HAM 47H;PERFORANDO TERCERA FASE;5119;10;532;374;105;1558;82;543;461;0;0;0;0;34;30;267;272;no lectura;0;0;0;342;349;no lectura;;;;;;;;;;
1/04/2021;14:00;HAM 47H;VIAJE CORTO;4606;4;538;3;39;0;0;0;0;0;0;0;0;34;13;146;160;no lectura;0;0;0;155;166;no lectura;;;;;;;;;;
1/04/2021;18:00;HAM 47H;PERFORANDO TERCERA FASE;5300;12;522;384;115;1587;82;543;458;0;0;0;0;34;29;262;277;no lectura;0;0;0;315;323;no lectura;;19172;;16718;;12764;21430;11;1110;85
1/04/2021;22:00;HAM 47H;PERFORANDO TERCERA FASE;5547;49;582;3;40;1519;77;517;452;0;0;0;0;34;28;231;235;no lectura;0;0;0;314;328;no lectura;;;;;;;;;;
2/04/2021;6:00;HAM 47H;PERFORANDO TERCERA FASE;6130;99;592;3;39;1539;79;523;465;0;0;0;0;34;29;221;232;no lectura;0;0;0;333;336;no lectura;;;;;;;;;;
2/04/2021;10:00;HAM 47H;SACANDO TUBERIA;5151;744;746;0;0;0;0;0;0;0;0;0;0;34;13;114;128;no lectura;0;0;0;120;132;no lectura;;;;;;;;;;
2/04/2021;14:00;HAM 47H;SACANDO TUBERIA;3370;99;529;1;39;1061;77;516;427;0;0;0;0;34;40;0;0;0;0;0;0;496;519;no lectura;;;;;;;;;;
2/04/2021;18:00;HAM 47H;SACANDO TUBERIA;292;171;538;0;0;0;0;0;0;0;0;0;0;34;20;0;0;0;0;0;0;250;266;no lectura;;19190;;16718;;12788;21454;63;812;85
2/04/2021;22:00;HAM 47H;DESARMANDO BHA # 5;242;4;538;0;0;0;0;0;0;0;0;0;0;34;12;0;0;0;0;0;0;142;156;no lectura;;;;;;;;;;
3/04/2021;6:00;HAM 47H;BAJANDO WASHPIPE;3918;70;554;-1;38;359;0;0;0;52;339;414;0;34;30;0;0;0;0;0;0;250;266;no lectura;;;;;;;;;;
3/04/2021;10:00;HAM 47H;BAJANDO WASHPIPE;5032;225;650;0;0;0;0;0;0;0;0;0;0;34;15;0;0;0;0;0;0;175;196;no lectura;;;;;;;;;;
3/04/2021;14:00;HAM 47H;BAJANDO WASHPIPE;6160;0;0;2;39;0;0;0;0;0;0;0;0;34;17;0;0;0;0;0;0;173;198;no lectura;;;;;;;;;;
3/04/2021;18:00;HAM 47H;TRIP OUT;4789;4;536;0;0;0;0;0;0;0;0;0;0;34;16;0;0;0;0;0;0;164;183;no lectura;;19190;;16718;;12812;21478;41;842;82
3/04/2021;22:00;HAM 47H;TRIP OUT;1927;265;693;0;0;0;0;0;0;0;0;0;0;34;19;0;0;0;0;0;0;207;221;no lectura;;;;;;;;;;
4/04/2021;6:00;HAM 47H;ARMANDO EQUIPO BES;0;48;524;0;0;0;0;0;0;0;0;0;0;34;13;0;0;0;0;0;0;153;177;no lectura;;;;;;;;;;
4/04/2021;10:00;HAM 47H;ARMANDO EQUIPO BES;0;0;0;0;0;0;0;0;0;0;0;0;0;34;11;0;0;0;0;0;0;147;158;no lectura;;;;;;;;;;
4/04/2021;14:00;HAM 47H;BAJANDO EQUIPO BES;115;4;541;0;0;0;0;0;0;0;0;0;0;34;15;0;0;0;0;0;0;168;193;no lectura;;;;;;;;;;
4/04/2021;18:00;HAM 47H;BAJANDO EQUIPO BES;212;4;560;0;0;0;0;0;0;0;0;0;0;34;16;0;0;0;0;0;0;163;180;no lectura;;19190;;16718;;12836;21502;42;701;85
4/04/2021;22:00;HAM 47H;BAJANDO EQUIPO BES;385;4;561;0;0;0;0;0;0;0;0;0;0;34;14;0;0;0;0;0;0;160;179;no lectura;;;;;;;;;;
5/04/2021;6:00;HAM 47H;;;;;;;;;;;;;;;;;;;;;;;;;;;;;;;;;;;
5/04/2021;10:00;HAM 47H;;;;;;;;;;;;;;;;;;;;;;;;;;;;;;;;;;;
5/04/2021;14:00;HAM 47H;;;;;;;;;;;;;;;;;;;;;;;;;;;;;;;;;;;
5/04/2021;18:00;HAM 47H;;;;;;;;;;;;;;;;;;;;;;;;;;;;;;;;;;;
5/04/2021;22:00;HAM 47H;;;;;;;;;;;;;;;;;;;;;;;;;;;;;;;;;;;
6/04/2021;6:00;;MOVILIZACION;;;;;;;;;;;;;;;;;;;;;;;;;;;;;;;;;;
6/04/2021;10:00;;MOVILIZACION;;;;;;;;;;;;;;;;;;;;;;;;;;;;;;;;;;
6/04/2021;14:00;;MOVILIZACION;;;;;;;;;;;;;;;;;;;;;;;;;;;;;;;;;;
6/04/2021;18:00;;MOVILIZACION;;;;;;;;;;;;;;;;;;;;;;;;;;;;;;;;;;
6/04/2021;22:00;;MOVILIZACION;;;;;;;;;;;;;;;;;;;;;;;;;;;;;;;;;;
7/04/2021;6:00;;MOVILIZACION;;;;;;;;;;;;;;;;;;;;;;;;;;;;;;;;;;
7/04/2021;10:00;;MOVILIZACION;;;;;;;;;;;;;;;;;;;;;;;;;;;;;;;;;;
7/04/2021;14:00;;MOVILIZACION;;;;;;;;;;;;;;;;;;;;;;;;;;;;;;;;;;
7/04/2021;18:00;;MOVILIZACION;;;;;;;;;;;;;;;;;;;;;;;;;;;;;;;;;;
7/04/2021;22:00;;MOVILIZACION;;;;;;;;;;;;;;;;;;;;;;;;;;;;;;;;;;
8/04/2021;6:00;;MOVILIZACION;;;;;;;;;;;;;;;;;;;;;;;;;;;;;;;;;;
8/04/2021;10:00;;MOVILIZACION;;;;;;;;;;;;;;;;;;;;;;;;;;;;;;;;;;
8/04/2021;14:00;;MOVILIZACION;;;;;;;;;;;;;;;;;;;;;;;;;;;;;;;;;;
8/04/2021;18:00;;MOVILIZACION;;;;;;;;;;;;;;;;;;;;;;;;;;;;;;;;;;
8/04/2021;22:00;;MOVILIZACION;;;;;;;;;;;;;;;;;;;;;;;;;;;;;;;;;;
9/04/2021;6:00;55H;ARMANDO EQUIPO;0;5;550;0;0;0;0;0;0;0;0;0;0;35;12;0;0;0;0;0;no lectura;120;150;no lectura;;;;;;;;;;
9/04/2021;10:00;55H;PERFORANDO FASE 1;50;20;551;330;48;110;72;476;406;0;0;0;0;35;25;0;0;0;0;0;no lectura;273;295;no lectura;;;;;;;;;;
9/04/2021;14:00;55H;PERFORANDO FASE 1;134;4,3;544;9,5;44;442;56;378;410;56;378;420;0;36;20;0;0;0;150;152;no lectura;168;191;no lectura;;;;;;;;;;
9/04/2021;18:00;55H;TRIP OUT;547;624;268;0;0;0;0;0;0;0;0;0;0;36;20;0;0;0;0;0;no lectura;230;250;no lectura;;19190;0;16726;0;12860;21598;347;642;70
9/04/2021;22:00;55H;BAJANDO CASING DE 1RA FASE;300;500;550;4;40;0;0;0;0;0;0;0;0;35;25;0;0;0;0;0;no lectura;250;220;no lectura;;;;;;;;;;
10/04/2021;6:00;55H;ARMANDO PREVENTORA;0;5;537;4;40;0;0;0;0;0;0;0;0;35;16;0;0;0;0;0;no lectura;162;200;no lectura;;;;;;;;;;
10/04/2021;10:00;55H;ARMANDO PREVENTORA;0;4;540;0;0;0;0;0;0;0;0;0;0;35;16;0;0;0;0;0;no lectura;166;200;no lectura;;;;;;;;;;
10/04/2021;14:00;55H;ARMANDO BHA DIRECCIONAL;50;4;540;0;0;0;0;0;0;0;0;0;0;35;16;0;0;0;0;0;no lectura;160;200;no lectura;;;;;;;;;;
10/04/2021;18:00;55H;DRILL OUT;630;4;550;150;46;500;0;0;0;70;476;410;0;35;30;0;0;0;0;0;no lectura;300;350;no lectura;;19190;;16731;;12884;21622;107;817;76
10/04/2021;22:00;55H;PERFORANDO FASE 2;735;16;533;156;45;1578;93;563;414;93;564;403;0;35;40;0;0;0;280;280;no lectura;492;487;no lectura;;;;;;;;;;
11/04/2021;6:00;55H;PERFORANDO FASE 2;1324;45;547;155;43;1664;92;565;405;92;567;378;0;35;50;0;0;0;183;192;no lectura;511;510;no lectura;;;;;;;;;;
11/04/2021;10:00;55H;PERFORANDO FASE 2;1615;6.5;562;2;40;2266;93;558;469;93;557;442;0;35;60;0;0;0;480;460;no lectura;629;625;no lectura;;;;;;;;;;
11/04/2021;14:00;55H;PERFORANDO FASE 2;1838;130;541;2;40;2532;93;563;486;93;561;493;0;36;60;0;0;0;500;480;no lectura;660;653;no lectura;;;;;;;;;;
11/04/2021;18:00;55H;PERFORANDO FASE 2;2166;10;529;3;40;2795;93;560;535;93;563;527;0;36;65;0;0;0;520;540;no lectura;700;710;no lectura;;19190;;16755;24;12908;21646;72;1467;76
11/04/2021;22:00;55H;PERFORANDO FASE 2;2747;41;561;175;71;2679;89;556;485;89;561;524;0;37;65;0;0;0;540;530;no lectura;600;560;no lectura;;;;;;;;;;
12/04/2021;6:00;55H;PERFORANDO FASE 2;2897;16;523;1;40;2775;108;566;415;107;559;526;0;37;50;500;490;no lectura;440;435;no lectura;0;0;no lectura;;;;;;;;;;
12/04/2021;10:00;55H;PERFORANDO FASE 2;3100;16;567;198;86;2675;84;563;554;84;560;555;0;36;60;525;545;no lectura;550;562;no lectura;0;0;no lectura;;;;;;;;;;
12/04/2021;14:00;55H;PERFORANDO FASE 2;3500;16;574;4;40;2852;90;555;530;90;557;480;0;36;65;567;596;no lectura;580;600;no lectura;0;0;no lectura;;;;;;;;;;
12/04/2021;18:00;55H;PERFORANDO FASE 2;3713;28;590;193;86;2628;82;551;533;82;544;542;0;36;55;507;550;no lectura;408;445;no lectura;0;0;no lectura;;19202;12;16779;36;12920;21670;60;1716;75
12/04/2021;22:00;55H;PERFORANDO FASE 2;3890;110;568;170;70;2400;97;562;403;95;560;452;0;35;50;450;430;no lectura;300;320;no lectura;0;0;no lectura;;;;;;;;;;
13/04/2021;6:00;55H;TRIP OUT;4075;303;509;0;0;0;0;0;0;0;0;0;0;35;30;300;320;no lectura;250;280;no lectura;0;0;no lectura;;;;;;;;;;
13/04/2021;10:00;55H;TRIP OUT;2300;406;600;0;0;0;0;0;0;0;0;0;0;36;25;218;220;no lectura;150;130;no lectura;0;0;no lectura;;;;;;;;;;
13/04/2021;14:00;55H;TRIP OUT;560;422;549;4;40;0;0;0;0;0;0;0;0;36;20;183;201;no lectura;0;0;0;0;0;no lectura;;;;;;;;;;
13/04/2021;18:00;55H;ARMANDO CRT;0;5;550;0;0;0;0;0;0;0;0;0;0;36;15;130;148;no lectura;0;0;0;0;0;no lectura;;19226;;16799;;12920;21694;0;1135;74
13/04/2021;22:00;55H;BAJANDO CASING FASE 2;1980;400;550;4;40;0;0;0;0;0;0;0;0;37;25;250;300;no lectura;0;0;0;0;0;no lectura;;;;;;;;;;
14/04/2021;6:00;55H;BAJANDO CASING FASE 2;3750;420;550;4;40;0;0;0;0;0;0;0;0;36;25;245;310;no lectura;0;0;0;0;0;no lectura;;;;;;;;;;
14/04/2021;10:00;55H;SEMENTANDO FASE 2;4300;5;550;0;0;0;0;0;0;0;0;0;0;36;20;200;250;no lectura;0;0;0;0;0;no lectura;;;;;;;;;;
14/04/2021;14:00;55H;SEMENTANDO FASE 2;4300;5;550;0;0;0;0;0;0;0;0;0;0;35;20;200;250;no lectura;0;0;0;0;0;no lectura;;19250;;16799;;12920;21718;15;921;70
14/04/2021;18:00;55H;ARMANDO HERRAMIENTA DE LIMPIEZA;200;5;550;0;0;0;0;0;0;0;0;0;0;36;20;200;250;no lectura;0;0;0;0;0;no lectura;;;;;;;;;;
14/04/2021;22:00;55H;BAJANDO HERRAIMENTA DE LIMPIEZA;2135;450;500;4;40;0;0;0;0;0;0;0;0;35;35;0;0;0;0;0;0;350;370;no lectura;;;;;;;;;;
15/04/2021;6:00;55H;CIRCULANDO;4265;14;560;337;117;1227;63;399;446;63;425;451;0;35;30;0;0;0;280;297;no lectura;220;250;no lectura;;;;;;;;;;
15/04/2021;10:00;55H;TRIP OUT;2524;347;530;0;0;0;0;0;0;0;0;0;0;35;20;0;0;0;0;0;0;150;200;no lectura;;;;;;;;;;
15/04/2021;14:00;55H;REGISTROS;0;0;0;0;0;0;0;0;0;0;0;0;0;0;12;0;0;0;0;0;0;120;150;no lectura;;;;;;;;;;
15/04/2021;18:00;55H;REGISTROS;0;0;0;0;0;0;0;0;0;0;0;0;0;0;12;0;0;0;0;0;0;120;150;no lectura;;19250;0;16799;0;12944;21742;60;738;70
15/04/2021;22:00;55H;ARMANDO BHA #3;250;350;550;4;40;0;0;0;0;0;0;0;0;36;25;0;0;0;0;0;0;250;300;no lectura;;;;;;;;;;
16/04/2021;6:00;55H;TRIP IN;3500;411;547;4;40;0;0;0;0;0;0;0;0;36;30;0;0;0;0;0;0;300;350;no lectura;;;;;;;;;;
16/04/2021;10:00;55H;PERFORANDO TERCERA FASE;4561;20;565;343;126;1539;0;0;0;79;484;447;0;35;29;221;270;no lectura;0;0;0;250;260;no lectura;;;;;;;;;;
16/04/2021;14:00;55H;PERFORANDO TERCERA FASE;4820;23;550;343;126;1800;0;0;0;79;484;447;0;35;29;221;270;no lectura;0;0;0;250;260;no lectura;;;;;;;;;;
16/04/2021;18:00;55H;CIRCULANDO;5130;110;556;103;101;1427;0;0;0;82;550;472;0;35;30;206;207;no lectura;0;0;0;358;364;no lectura;;19258;;16802;;12968;21766;28;629;70
16/04/2021;22:00;55H;DESARMANDO BHA # 5;242;4;538;0;0;0;0;0;0;0;0;0;0;36;12;0;0;0;0;0;0;142;156;no lectura;;;;;;;;;;
17/04/2021;6:00;55H;BAJANDO WASHPIPE;450;350;554;0;0;0;0;0;0;0;0;0;0;36;30;0;0;0;0;0;0;300;350;no lectura;;;;;;;;;;
17/04/2021;10:00;55H;BAJANDO DRILL PIPE;2425;627;348;0;0;0;0;0;0;0;0;0;0;36;25;0;0;0;0;0;0;250;295;no lectura;;;;;;;;;;
17/04/2021;14:00;55H;BAJANDO DRILL PIPE;4300;600;350;0;0;0;0;0;0;0;0;0;0;35;25;0;0;0;0;0;0;250;290;no lectura;;;;;;;;;;
17/04/2021;18:00;55H;SENTADO LINER RANURADO;5125;4;550;0;0;0;0;0;0;0;0;0;0;35;20;0;0;0;0;0;0;200;250;no lectura;;19258;0;16802;0;12992;21790;12;674;70
17/04/2021;22:00;55H;TRIP OUT;2140;400;560;0;0;0;0;0;0;0;0;0;0;35;25;0;0;0;0;0;0;250;290;no lectura;;;;;;;;;;
18/04/2021;6:00;55H;ARMANDO BES;50;5;550;0;0;0;0;0;0;0;0;0;0;35;15;0;0;0;0;0;0;150;200;no lectura;;;;;;;;;;
18/04/2021;10:00;55H;ARMANDO BES;120;5;550;0;0;0;0;0;0;0;0;0;0;35;15;0;0;0;0;0;0;150;200;no lectura;;;;;;;;;;
18/04/2021;14:00;55H;BAJANDO BES;300;25;550;0;0;0;0;0;0;0;0;0;0;36;20;0;0;0;0;0;0;200;250;no lectura;;;;;;;;;;
18/04/2021;18:00;55H;BAJANDO BES;900;25;550;0;0;0;0;0;0;0;0;0;0;36;20;0;0;0;0;0;0;200;250;no lectura;;19258;0;16802;0;13016;21814;62;652;70
18/04/2021;22:00;55H;BAJANDO BES;1500;400;550;0;0;0;0;0;0;0;0;0;0;36;20;0;0;0;0;0;0;200;250;no lectura;;;;;;;;;;
19/04/2021;6:00;55H;BAJANDO BES;2400;24;550;0;0;0;0;0;0;0;0;0;0;35;20;0;0;0;0;0;0;200;250;no lectura;;;;;;;;;;
19/04/2021;10:00;55H;BAJANDO BES;;;;;;;;;;;;;;;;;;;;;;;;;;;;;;;;;;
19/04/2021;14:00;55H;BAJANDO BES;;;;;;;;;;;;;;;;;;;;;;;;;;;;;;;;;;
19/04/2021;18:00;55H;BAJANDO BES;;;;;;;;;;;;;;;;;;;;;;;;;;;;;;;;;;
19/04/2021;22:00;;MOVILIZACION;;;;;;;;;;;;;;;;;;;;;;;;;;;;;;;;;;
20/04/2021;6:00;;MOVILIZACION;;;;;;;;;;;;;;;;;;;;;;;;;;;;;;;;;;
20/04/2021;10:00;;MOVILIZACION;;;;;;;;;;;;;;;;;;;;;;;;;;;;;;;;;;
20/04/2021;14:00;;MOVILIZACION;;;;;;;;;;;;;;;;;;;;;;;;;;;;;;;;;;
20/04/2021;18:00;;MOVILIZACION;;;;;;;;;;;;;;;;;;;;;;;;;;;;;;;;;;
20/04/2021;22:00;;MOVILIZACION;;;;;;;;;;;;;;;;;;;;;;;;;;;;;;;;;;
21/04/2021;6:00;;MOVILIZACION;;;;;;;;;;;;;;;;;;;;;;;;;;;;;;;;;;
21/04/2021;10:00;;MOVILIZACION;;;;;;;;;;;;;;;;;;;;;;;;;;;;;;;;;;
21/04/2021;14:00;;MOVILIZACION;;;;;;;;;;;;;;;;;;;;;;;;;;;;;;;;;;
21/04/2021;18:00;57H;REALIZAND PRUEBAS DE PRESION;0;5;550;0;0;500;0;0;0;0;0;0;0;35;15;0;0;no lectura;150;200;no lectura;0;0;no lectura;;19258;0;16808;0;13022;21886;35;351;70
21/04/2021;22:00;57H;ARMANDO BHA 1;20;5;550;0;0;0;0;0;0;0;0;0;0;35;20;0;0;no lectura;200;250;no lectura;0;0;no lectura;;;;;;;;;;
22/04/2021;6:00;57H;PERFORANDO FASE 1;430;127;544;156;54;1020;75;503;430;75;503;438;0;35;35;0;0;0;180;200;no lectura;350;390;no lectura;;;;;;;;;;
22/04/2021;10:00;57H;PERFORANDO FASE 1;650;4,3;544;9,5;44;442;56;378;410;56;378;420;0;36;20;0;0;0;150;152;no lectura;168;191;no lectura;;;;;;;;;;
22/04/2021;14:00;57H;ARMANDO CRT;0;5;550;0;0;0;0;0;0;0;0;0;0;35;15;0;0;0;0;0;0;150;200;no lectura;;;;;;;;;;
22/04/2021;18:00;57H;SEMENTANDO FASE 1;650;5;550;0;0;0;0;0;0;0;0;0;0;35;15;0;0;0;0;0;0;150;205;no lectura;;19256;;16821;;13125;21936;40;974;75
22/04/2021;22:00;57H;ARMANDO PREVENTORA;0;5;550;0;0;0;0;0;0;0;0;0;0;35;17;0;0;0;0;0;0;170;215;no lectura;;;;;;;;;;
23/04/2021;6:00;57H;PERFORANDO FASE 2;790;45;550;161;61;1693;93;560;416;93;558;421;0;35;45;390;420;no lectura;0;0;0;400;430;no lectura;;;;;;;;;;
23/04/2021;10:00;57H;PERFORANDO FASE 2;1137;277;541;24;46;2222;93;561;472;93;563;444;0;36;55;480;510;no lectura;0;0;0;450;490;no lectura;;;;;;;;;;
23/04/2021;14:00;57H;PERFORANDO FASE 2;1253;9,3;553;2,3;40;1724;93;566;426;93;561;411;0;36;50;400;410;no lectura;0;0;0;400;426;no lectura;;;;;;;;;;
23/04/2021;18:00;57H;PERFORANDO FASE 2;1791;124;536;158;53;1634;93;561;408;93;562;405;0;35;45;360;380;no lectura;0;0;0;370;420;no lectura;;19280;24;16821;24;13149;21960;180;1079;95
23/04/2021;22:00;57H;PERFORANDO FASE 2;2100;0;0;30;55;1900;93;560;400;93;560;400;0;36;50;500;550;no lectura;0;0;0;480;520;no lectura;;;;;;;;;;
24/04/2021;6:00;57H;PERFORANDO FASE 2;2417;0;0;30;55;2602;93;562;396;93;565;523;0;36;60;540;460;no lectura;0;0;0;510;530;no lectura;;;;;;;;;;
24/04/2021;10:00;57H;PERFORANDO FASE 2;2792;4,8;564;184;56;2396;85;559;522;85;557;526;0;36;55;480;515;no lectura;0;0;0;480;515;no lectura;;;;;;;;;;
24/04/2021;14:00;57H;PERFORANDO FASE 2;3053;40;553;195;86;2790;101;562;423;105;561;537;0;36;60;560;570;no lectura;0;0;0;560;600;no lectura;;;;;;;;;;
24/04/2021;18:00;57H;PERFORANDO FASE 2;3318;16;540;181;79;2890;101;562;392;105;560;494;0;36;55;520;530;no lectura;0;0;0;530;560;no lectura;;19304;48;16821;48;13173;21984;0;1465;97
24/04/2021;22:00;57H;PERFORANDO FASE 2;4600;10;550;4;40;1800;101;560;390;105;560;490;0;36;50;500;550;no lectura;0;0;0;500;520;no lectura;;;;;;;;;;
25/04/2021;6:00;57H;PERFORANDO FASE 2;4100;10;590;195;95;1421;86;564;305;100;564;453;0;36;40;330;380;no lectura;0;0;0;310;345;no lectura;;;;;;;;;;
25/04/2021;10:00;57H;PERFORANDO FASE 2;4250;10;590;195;95;1421;86;564;305;100;564;453;0;36;40;330;380;no lectura;0;0;0;310;345;no lectura;;;;;;;;;;
25/04/2021;14:00;57H;CIRCULANDO;3980;183;560;170;79;1968;107;571;339;120;551;413;0;35;50;420;450;no lectura;0;0;0;400;435;no lectura;;;;;;;;;;
25/04/2021;18:00;57H;TRIP OUT;2600;138;588;0;0;0;0;0;0;0;0;0;0;35;20;200;250;no lectura;0;0;0;190;250;no lectura;;19322;72;16821;72;13197;22008;25;1215;103
25/04/2021;22:00;57H;ARMANDO CRT;0;5;550;0;0;0;0;0;0;0;0;0;0;35;15;0;0;0;0;0;0;150;200;no lectura;;;;;;;;;;
26/04/2021;6:00;57H;BAJANDO CASING FASE 2;1122;470;414;0;0;272;0;0;0;70;470;414;0;35;24;0;0;0;0;0;0;240;320;no lectura;;;;;;;;;;
26/04/2021;10:00;57H;BAJANDO CASING FASE 2;3750;420;550;4;40;0;0;0;0;0;0;0;0;36;25;245;310;no lectura;0;0;0;0;0;no lectura;;;;;;;;;;
26/04/2021;14:00;57H;SEMENTANDO FASE 2;4293;5;550;0;0;0;0;0;0;0;0;0;0;36;20;200;250;no lectura;0;0;0;0;0;no lectura;;;;;;;;;;
26/04/2021;18:00;57H;SEMENTANDO FASE 2;4293;5;550;0;0;0;0;0;0;0;0;0;0;35;20;200;250;no lectura;0;0;0;0;0;no lectura;;19322;;16821;;13220;22032;92;405;105
26/04/2021;22:00;57H;ARMANDO HERRAMIENTA DE LIMPIEZA;4297;4;545;0;0;0;0;0;0;0;0;0;0;35;20;0;0;0;0;0;0;195;212;no lectura;;;;;;;;;;
27/04/2021;6:00;57H;TRIP OUT;3597;510;562;0;0;0;0;0;0;0;0;0;0;34;10;121;123;no lectura;0;0;0;56;67;no lectura;;;;;;;;;;
27/04/2021;10:00;57H;TRIP OUT;154;4;540;0;0;0;0;0;0;0;0;0;0;35;18;0;0;0;0;0;0;283;267;no lectura;;;;;;;;;;
27/04/2021;14:00;57H;TRIP OUT;154;4;542;0;0;0;0;0;0;0;0;0;0;35;15;0;0;0;0;0;0;190;250;no lectura;;;;;;;;;;
27/04/2021;18:00;57H;REGITROS;154;0;0;0;0;0;0;0;0;0;0;0;0;35;10;0;0;0;0;0;0;231;242;no lectura;;19326;;16821;;13244;22056;;627;94
27/04/2021;22:00;57H;REGITROS;154;0;0;0;0;0;0;0;0;0;0;0;0;35;11;0;0;0;0;0;0;229;238;no lectura;;;;;;;;;;
28/04/2021;6:00;57H;PERFORANDO 3 FASE ;4285;4;551;169;132;1241;0;0;0;70;471;454;0;36;20;209;210;no lectura;0;0;0;231;242;no lectura;;;;;;;;;;
28/04/2021;10:00;57H;PERFORANDO 3 FASE ;4556;26;535;337;124;1367;0;0;0;78;523;459;0;36;28;254;258;no lectura;0;0;0;292;296;no lectura;;;;;;;;;;
28/04/2021;14:00;57H;PERFORANDO 3 FASE ;4902;5;572;78;119;1319;0;0;0;84;562;446;0;36;27;248;251;no lectura;0;0;0;281;283;no lectura;;;;;;;;;;
28/04/2021;18:00;57H;PERFORANDO 3 FASE ;4919;171;609;0;0;0;0;0;0;0;0;0;0;36;15;161;166;no lectura;0;0;0;161;171;no lectura;;19338;;16821;;13268;22080;;829;117
28/04/2021;22:00;57H;TRIP OUT;3597;510;562;0;0;0;0;0;0;0;0;0;0;34;20;0;0;0;0;0;0;198;211;no lectura;;;;;;;;;;
29/04/2021;6:00;57H;BAJANDO WASHPIPE;133;4;540;0;0;0;0;0;0;0;0;0;0;36;27;0;0;0;0;0;0;264;285;no lectura;;;;;;;;;;
29/04/2021;10:00;57H;BAJANDO WASHPIPE;1904;4;539;111;65;0;0;0;0;0;0;0;0;36;22;0;0;0;0;0;0;242;269;no lectura;;;;;;;;;;
29/04/2021;14:00;57H;BAJANDO WASHPIPE;4340;543;591;0;0;0;0;0;0;0;0;0;0;36;22;0;0;0;0;0;0;220;249;no lectura;;;;;;;;;;
29/04/2021;18:00;57H;SACANDO DRILL PIPE;4332;588;784;0;0;0;0;0;0;0;0;0;0;36;24;0;0;0;0;0;0;243;265;no lectura;;19340;;16821;;13292;22104;40;714;96
29/04/2021;22:00;57H;SACANDO DRILL PIPE;3784;512;561;0;0;0;0;0;0;0;0;0;0;36;21;0;0;0;0;0;0;202;214;no lectura;;;;;;;;;;
30/04/2021;6:00;57H;BAJANDO EQUIPO BES;132;4;540;0;0;0;0;0;0;0;0;0;0;36;18;0;0;0;0;0;0;177;192;no lectura;;;;;;;;;;
30/04/2021;10:00;57H;BAJANDO EQUIPO BES;994;5;541;0;0;0;0;0;0;0;0;0;0;36;17;428;322;no lectura;0;0;0;0;0;0;;;;;;;;;;
30/04/2021;14:00;57H;BAJANDO EQUIPO BES;1038;572;623;0;0;0;0;0;0;0;0;0;0;36;11;430;326;no lectura;0;0;0;0;0;0;;;;;;;;;;
30/04/2021;18:00;57H;BAJANDO EQUIPO BES;1451;60;530;0;0;0;0;0;0;0;0;0;0;36;10;102;112;;;0;0;0;0;0;;19346;;16821;;13308;22128;96;401;102
30/04/2021;22:00;57H;BAJANDO EQUIPO BES;1908;26;535;0;0;0;0;0;0;0;0;0;0;36;10;112;122;no lectura;0;0;0;0;0;0;;;;;;;;;;
1/05/2021;6:00;57H;BAJANDO EQUIPO BES;3283;21;561;0;0;0;0;0;0;0;0;0;0;36;9;82;93;no lectura;0;0;0;0;0;0;;;;;;;;;;
1/05/2021;10:00;57H;EQUIPO EN MOVILIZACION;;;;;;;;;;;;;;;;;;;;;;;;;;;;;;;;;;
1/05/2021;14:00;57H;EQUIPO EN MOVILIZACION;;;;;;;;;;;;;;;;;;;;;;;;;;;;;;;;;;
1/05/2021;18:00;57H;EQUIPO EN MOVILIZACION;;;;;;;;;;;;;;;;;;;;;;;;;;;;;;;;;;
1/05/2021;22:00;57H;EQUIPO EN MOVILIZACION;;;;;;;;;;;;;;;;;;;;;;;;;;;;;;;;;;
2/05/2021;6:00;57H;EQUIPO EN MOVILIZACION;;;;;;;;;;;;;;;;;;;;;;;;;;;;;;;;;;
2/05/2021;10:00;57H;EQUIPO EN MOVILIZACION;;;;;;;;;;;;;;;;;;;;;;;;;;;;;;;;;;
2/05/2021;14:00;57H;EQUIPO EN MOVILIZACION;;;;;;;;;;;;;;;;;;;;;;;;;;;;;;;;;;
2/05/2021;18:00;57H;EQUIPO EN MOVILIZACION;;;;;;;;;;;;;;;;;;;;;;;;;;;;;;;;;;
2/05/2021;22:00;57H;EQUIPO EN MOVILIZACION;;;;;;;;;;;;;;;;;;;;;;;;;;;;;;;;;;
3/05/2021;6:00;;EQUIPO EN MOVILIZACION;;;;;;;;;;;;;;;;;;;;;;;;;;;;;;;;;;
3/05/2021;10:00;;EQUIPO EN MOVILIZACION;;;;;;;;;;;;;;;;;;;;;;;;;;;;;;;;;;
3/05/2021;14:00;;EQUIPO EN MOVILIZACION;;;;;;;;;;;;;;;;;;;;;;;;;;;;;;;;;;
3/05/2021;18:00;;EQUIPO EN MOVILIZACION;;;;;;;;;;;;;;;;;;;;;;;;;;;;;;;;;;
3/05/2021;22:00;;EQUIPO EN MOVILIZACION;;;;;;;;;;;;;;;;;;;;;;;;;;;;;;;;;;
4/05/2021;6:00;;EQUIPO EN MOVILIZACION;;;;;;;;;;;;;;;;;;;;;;;;;;;;;;;;;;
4/05/2021;10:00;;EQUIPO EN MOVILIZACION;;;;;;;;;;;;;;;;;;;;;;;;;;;;;;;;;;
4/05/2021;14:00;;EQUIPO EN MOVILIZACION;;;;;;;;;;;;;;;;;;;;;;;;;;;;;;;;;;
4/05/2021;18:00;;EQUIPO EN MOVILIZACION;;;;;;;;;;;;;;;;;;;;;;;;;;;;;;;;;;
4/05/2021;22:00;;EQUIPO EN MOVILIZACION;;;;;;;;;;;;;;;;;;;;;;;;;;;;;;;;;;
5/05/2021;6:00;58H;EQUIPO EN ESPERA DE CAISING;;;;;;;;;;;;;;;;;;;;;;;;;;;;;;;;;;
5/05/2021;10:00;58H;EQUIPO EN ESPERA DE CAISING;;;;;;;;;;;;;;;;;;;;;;;;;;;;;;;;;;
5/05/2021;14:00;58H;EQUIPO EN ESPERA DE CAISING;;;;;;;;;;;;;;;;;;;;;;;;;;;;;;;;;;
5/05/2021;18:00;58H;EQUIPO EN ESPERA DE CAISING;;;;;;;;;;;;;;;;;;;;;;;;;;;;;;;;;;
5/05/2021;22:00;58H;EQUIPO EN ESPERA DE CAISING;;;;;;;;;;;;;;;;;;;;;;;;;;;;;;;;;;
6/05/2021;6:00;58H;PERFORANDO PRIMERA FASE;209;121;534;299;45;639;117;799;265;0;0;0;0;36;16;153;162;no lectura;109;123;no lectura;0;0;0;;;;;;;;;;
6/05/2021;10:00;58H;PERFORANDO PRIMERA FASE;658;150;542;2;42;750;60;800;416;60;804;428;0;36;22;128;241;no lectura;208;216;no lectura;0;0;0;;;;;;;;;;
6/05/2021;14:00;58H;ARMANDO CRT;22;4;550;0;0;0;0;0;0;0;0;0;0;36;15;0;0;0;155;180;no lectura;0;0;0;;;;;;;;;;
6/05/2021;18:00;58H;"BAJANDO CAISING 9 5/8""";12;4;537;0;0;0;0;0;0;0;0;0;0;36;14;0;0;0;145;170;no lectura;0;0;0;;19386;;16865;;13313;22272;;595;50
6/05/2021;22:00;58H;"BAJANDO CAISING 9 5/8""";225;4;552;0;0;0;0;0;0;0;0;0;0;36;13;0;0;0;172;211;no lectura;0;0;0;;;;;;;;;;
7/05/2021;6:00;58H;EQUIPO EN ESPERA DE TUBERIA;17;0;0;0;0;0;0;0;0;0;0;0;0;0;8;0;0;0;74;100;no lectura;0;0;0;;;;;;;;;;
7/05/2021;10:00;58H;PERFORANDO SEGUNDA FASE;29;472;537;2;38;0;0;0;0;0;0;0;0;36;6;31;42;no lectura;90;105;no lectura;0;0;0;;;;;;;;;;
7/05/2021;14:00;58H;PERFORANDO SEGUNDA FASE;773;4;547;15;45;904;0;0;0;99;572;244;0;36;16;143;154;no lectura;148;159;no lectura;0;0;0;;;;;;;;;;
7/05/2021;18:00;58H;PERFORANDO SEGUNDA FASE;901;4;555;61;47;906;99;-3;363;0;0;0;0;36;13;118;130;no lectura;138;152;no lectura;0;0;0;;19394;;16889;;13313;22296;125;625;50
7/05/2021;22:00;58H;PERFORANDO SEGUNDA FASE;1103;4;553;32;45;0;0;0;0;0;0;0;0;36;13;116;128;no lectura;138;149;no lectura;0;0;0;;;;;;;;;;
8/05/2021;6:00;58H;PERFORANDO SEGUNDA FASE;1682;161;547;1;39;1964;113;562;358;112;564;405;0;36;37;440;434;no lectura;332;332;no lectura;0;0;0;;;;;;;;;;
8/05/2021;10:00;58H;PERFORANDO SEGUNDA FASE;2007;116;552;-3;67;0;0;4;368;0;4;378;0;36;10;67;69;no lectura;99;127;no lectura;0;0;0;;;;;;;;;;
8/05/2021;14:00;58H;PERFORANDO SEGUNDA FASE;2314;21;548;-1;39;2448;113;567;378;112;565;519;0;36;42;435;429;no lectura;401;403;no lectura;0;0;0;;;;;;;;;;
8/05/2021;18:00;58H;PERFORANDO SEGUNDA FASE;2658;18;523;7;57;2623;112;560;400;112;564;538;0;36;44;490;491;no lectura;419;414;no lectura;0;0;0;;19418;;16913;;13313;22320;;1161;50
8/05/2021;22:00;58H;PERFORANDO SEGUNDA FASE;2902;25;550;1;40;2715;112;561;400;112;563;540;0;36;43;489;487;no lectura;420;421;no lectura;0;0;0;;;;;;;;;;
9/05/2021;6:00;58H;PERFORANDO SEGUNDA FASE;3567;26;544;184;93;2712;112;560;539;112;562;413;0;36;47;549;539;no lectura;402;417;no lectura;0;0;0;;;;;;;;;;
9/05/2021;10:00;58H;PERFORANDO SEGUNDA FASE;3800;235;585;4;40;2324;104;565;466;102;563;376;0;36;47;587;578;no lectura;344;350;no lectura;0;0;0;;;;;;;;;;
9/05/2021;14:00;58H;PERFORANDO SEGUNDA FASE;4134;5;564;59;90;1790;93;562;411;90;561;430;0;36;33;354;351;no lectura;321;326;no lectura;0;0;0;;;;;;;;;;
9/05/2021;18:00;58H;PERFORANDO SEGUNDA FASE;4009;98;560;98;95;1813;87;565;393;96;563;448;0;36;35;355;356;no lectura;325;328;no lectura;0;0;0;;19442;;16937;;13313;22344;25;1790;50
9/05/2021;22:00;58H;TRIP OUT;3675;4;536;2;38;0;0;0;0;0;0;0;0;36;7;28;49;no lectura;86;101;no lectura;0;0;0;;;;;;;;;;
10/05/2021;6:00;58H;TRIP OUT;20;26;554;4;40;0;0;0;0;0;0;0;0;36;12;123;137;no lectura;0;0;0;0;0;0;;;;;;;;;;
10/05/2021;10:00;58H;BAJANDO CASING;500;470;414;0;0;0;0;0;0;0;0;0;0;35;24;240;285;no lectura;0;0;0;0;0;0;;;;;;;;;;
10/05/2021;14:00;58H;BAJANDO CASING;2100;470;414;0;0;0;20;320;350;0;0;0;0;35;24;240;280;no lectura;0;0;0;0;0;0;;;;;;;;;;
10/05/2021;18:00;58H;BAJANDO CASING;3900;420;550;4;40;0;20;320;350;0;0;0;0;36;25;245;310;no lectura;0;0;0;0;0;0;;19466;;16937;0;13313;22368;0;584;50
10/05/2021;22:00;58H;SEMENTADO;4293;460;550;4;40;0;20;320;350;0;0;0;0;36;20;200;250;no lectura;0;0;0;0;0;0;;;;;;;;;;
11/05/2021;6:00;58H;ARMANDO PREVENTORA;0;5;550;0;0;0;0;0;0;0;0;0;0;36;25;250;280;no lectura;0;0;0;0;0;0;;;;;;;;;;
11/05/2021;10:00;58H;TRIP IN;2140;500;550;0;0;0;0;0;0;0;0;0;0;40;25;250;275;no lectura;0;0;0;0;0;0;;;;;;;;;;
11/05/2021;14:00;58H;TRIP DRILL OUT;4187;4,7;560;308;110;443;102;570;305;0;0;0;0;42;20;120;150;no lectura;200;210;no lectura;0;0;0;;;;;;;;;;
11/05/2021;18:00;58H;TRIP OUT;3720;450;560;0;0;0;0;0;0;0;0;0;0;60;20;200;250;no lectura;0;0;0;0;0;0;;19490;;16940;;13313;22392;0;551;50
11/05/2021;22:00;58H;TRIP OUT;1320;440;550;0;0;0;0;0;0;0;0;0;0;55;20;200;250;no lectura;0;0;0;0;0;0;;;;;;;;;;
12/05/2021;6:00;58H;REGITROS ELECTRICOS;0;0;0;0;0;0;0;0;0;0;0;0;0;0;10;100;150;no lectura;0;0;0;0;0;0;;;;;;;;;;
12/05/2021;10:00;58H;ARMANDO BHA #3;150;5;550;0;0;0;0;0;0;0;0;0;0;35;20;200;250;no lectura;0;0;0;0;0;0;;;;;;;;;;
12/05/2021;14:00;58H;TRIP IN;1500;460;560;0;0;0;0;0;0;0;0;0;0;45;22;215;260;no lectura;0;0;0;0;0;0;;;;;;;;;;
12/05/2021;18:00;58H;DRILL OUT;4187;25;550;308;120;500;100;570;310;0;0;0;0;35;40;400;450;no lectura;0;0;0;0;0;0;;19514;;16940;0;13313;22416;0;726;50
12/05/2021;22:00;58H;PERFORANDO FASE 3;4610;251;605;3;50;1099;0;0;0;68;457;445;0;40;40;360;380;no lectura;0;0;0;0;0;0;;;;;;;;;;
13/05/2021;6:00;58H;CIRCULANDO;5064;89;550;282;118;1421;0;0;0;79;530;457;0;45;50;474;483;no lectura;0;0;0;0;0;0;;;;;;;;;;
13/05/2021;10:00;58H;TRIP OUT;3800;450;560;0;0;0;0;0;0;0;0;0;0;60;20;200;250;no lectura;0;0;0;0;0;0;;;;;;;;;;
13/05/2021;14:00;58H;TRIP OUT;800;440;550;0;0;0;0;0;0;0;0;0;0;55;20;200;250;no lectura;0;0;0;0;0;0;;;;;;;;;;
13/05/2021;18:00;58H;"BAJANDO LINER RANURADO 4 1/2""";400;470;414;0;0;0;0;0;0;20;320;350;0;35;24;240;280;no lectura;0;0;0;0;0;0;;19538;;16948;;13313;22440;110;764;60
13/05/2021;22:00;58H;"BAJANDO LINER RANURADO 4 1/2""";2800;420;550;4;40;0;0;0;0;20;320;350;0;36;25;245;310;no lectura;0;0;0;0;0;0;;;;;;;;;;
14/05/2021;6:00;58H;CIRCULANDO;5050;4,8;571;1;41;598;0;0;0;69;463;422;0;40;40;350;380;no lectura;0;0;0;0;0;0;;;;;;;;;;
14/05/2021;10:00;58H;TRIP OUT;2600;450;560;0;0;0;0;0;0;0;0;0;0;60;28;280;300;no lectura;0;0;0;0;0;0;;;;;;;;;;
14/05/2021;14:00;58H;TRIP OUT;800;440;550;0;0;0;0;0;0;0;0;0;0;55;27;0;0;0;270;280;no lectura;0;0;0;;;;;;;;;;
14/05/2021;18:00;58H;BAJANDO EQUIPO BES;50;5;550;0;0;0;0;0;0;0;0;0;0;35;10;0;0;0;100;150;no lectura;0;0;0;;19556;;16954;;13316;22464;0;452;60
14/05/2021;22:00;58H;BAJANDO EQUIPO BES;250;5;550;0;0;0;0;0;0;0;0;0;0;35;11;0;0;0;110;155;no lectura;0;0;0;;;;;;;;;;
15/05/2021;6:00;58H;BAJANDO EQUIPO BES;655;4,2;547;0;0;0;0;0;0;0;0;0;0;36;11;0;0;0;110;140;no lectura;0;0;0;;;;;;;;;;
15/05/2021;10:00;58H;BAJANDO EQUIPO BES;1031;25;551;0;0;0;0;0;0;0;0;0;0;35;10;0;0;0;100;140;no lectura;0;0;0;;;;;;;;;;
15/05/2021;14:00;58H;BAJANDO EQUIPO BES;1700;5;550;0;0;0;0;0;0;0;0;0;0;34;10;0;0;0;100;145;no lectura;0;0;0;;;;;;;;;;
15/05/2021;18:00;58H;BAJANDO EQUIPO BES;2500;4;550;0;0;0;0;0;0;0;0;0;0;36;10;0;0;0;100;145;no lectura;0;0;0;;19556;;16978;;13316;22488;0;576;60
15/05/2021;22:00;58H;BAJANDO EQUIPO BES;3200;26;550;0;0;0;0;0;0;0;0;0;0;36;10;0;0;0;102;147;no lectura;0;0;0;;;;;;;;;;
16/05/2021;6:00;58H;BAJANDO EQUIPO BES;3900;26;550;0;0;0;0;0;0;0;0;0;0;37;10;0;0;0;105;150;no lectura;0;0;0;;;;;;;;;;
16/05/2021;10:00;;MOVILIZANDO EQUIPO;;;;;;;;;;;;;;;;;;;;;;;;;;;;;;;;;;
16/05/2021;14:00;;MOVILIZANDO EQUIPO;;;;;;;;;;;;;;;;;;;;;;;;;;;;;;;;;;
16/05/2021;18:00;;MOVILIZANDO EQUIPO;;;;;;;;;;;;;;;;;;;;;;;;;;;;;;;;;;
16/05/2021;22:00;;MOVILIZANDO EQUIPO;;;;;;;;;;;;;;;;;;;;;;;;;;;;;;;;;;
17/05/2021;6:00;;MOVILIZANDO EQUIPO;;;;;;;;;;;;;;;;;;;;;;;;;;;;;;;;;;
17/05/2021;10:00;;MOVILIZANDO EQUIPO;;;;;;;;;;;;;;;;;;;;;;;;;;;;;;;;;;
17/05/2021;14:00;;MOVILIZANDO EQUIPO;;;;;;;;;;;;;;;;;;;;;;;;;;;;;;;;;;
17/05/2021;18:00;;MOVILIZANDO EQUIPO;;;;;;;;;;;;;;;;;;;;;;;;;;;;;;;;;;
17/05/2021;22:00;;MOVILIZANDO EQUIPO;;;;;;;;;;;;;;;;;;;;;;;;;;;;;;;;;;
18/05/2021;6:00;;MOVILIZANDO EQUIPO;;;;;;;;;;;;;;;;;;;;;;;;;;;;;;;;;;
18/05/2021;10:00;;MOVILIZANDO EQUIPO;;;;;;;;;;;;;;;;;;;;;;;;;;;;;;;;;;
18/05/2021;14:00;;MOVILIZANDO EQUIPO;;;;;;;;;;;;;;;;;;;;;;;;;;;;;;;;;;
18/05/2021;18:00;;MOVILIZANDO EQUIPO;;;;;;;;;;;;;;;;;;;;;;;;;;19557;;17004;;13341;22560;;216;50
18/05/2021;22:00;56H;PERFORANDO PRIMERA FASE;8;4;541;0;0;0;0;0;0;0;0;0;0;36;26;0;0;0;0;0;0;270;304;no lectura;;;;;;;;;;
19/05/2021;6:00;56H;PERFORANDO PRIMERA FASE;340;26;550;1;45;1320;92;548;387;93;562;384;0;36;34;0;0;0;182;181;no lectura;489;510;no lectura;;;;;;;;;;
19/05/2021;10:00;56H;PERFORANDO PRIMERA FASE;622;131;549;-1;43;1325;92;567;396;94;566;388;0;36;35;0;0;0;184;181;no lectura;498;513;no lectura;;;;;;;;;;
19/05/2021;14:00;56H;ARMANDO CRT;0;0;0;0;0;0;0;0;0;0;0;0;0;36;13;0;0;0;118;145;no lectura;0;0;0;;;;;;;;;;
19/05/2021;18:00;56H;SEMENTANDO PRIMERA FASE;645;4;539;0;0;0;0;0;0;0;0;0;0;36;13;0;0;0;132;158;no lectura;0;0;0;;19557;;17022;;13358;22584;;458;50
19/05/2021;22:00;56H;ARMANDO PREVENTORA;0;0;0;0;0;0;0;0;0;0;0;0;0;36;11;0;0;0;112;136;no lectura;0;0;0;;;;;;;;;;
20/05/2021;6:00;56H;PERFORANDO SEGUNDA FASE;1119;5;545;-2;40;0;0;0;0;0;0;0;0;36;9;0;0;0;143;138;no lectura;20;144;no lectura;;;;;;;;;;
20/05/2021;10:00;56H;PERFORANDO SEGUNDA FASE;949;24;537;2;40;1699;108;571;335;115;571;401;0;36;44;0;0;0;297;299;no lectura;574;577;no lectura;;;;;;;;;;
20/05/2021;14:00;56H;PERFORANDO SEGUNDA FASE;1210;37;555;170;66;2005;108;570;348;115;566;423;0;36;48;0;0;0;368;375;no lectura;563;557;no lectura;;;;;;;;;;
20/05/2021;18:00;56H;PERFORANDO SEGUNDA FASE;1525;4;548;8;82;0;0;0;0;0;0;0;0;36;28;0;0;0;117;131;no lectura;83;88;no lectura;;19557;;17046;;13382;22608;40;1591;50
20/05/2021;22:00;56H;PERFORANDO SEGUNDA FASE;1904;28;538;-1;39;2350;108;570;349;115;565;424;0;36;45;0;0;0;370;374;no lectura;549;550;no lectura;;;;;;;;;;
21/05/2021;6:00;56H;PERFORANDO SEGUNDA FASE;2843;28;563;88;75;2650;108;568;536;115;561;409;0;36;52;0;0;0;386;389;no lectura;726;724;no lectura;;;;;;;;;;
21/05/2021;10:00;56H;PERFORANDO SEGUNDA FASE;3145;24;564;199;94;2836;108;568;537;115;564;418;0;36;60;0;0;0;395;392;no lectura;738;734;no lectura;;;;;;;;;;
21/05/2021;14:00;56H;PERFORANDO SEGUNDA FASE;3493;42;564;0;0;0;0;0;0;0;0;0;0;36;13;0;0;0;95;117;no lectura;177;194;no lectura;;;;;;;;;;
21/05/2021;18:00;56H;PERFORANDO SEGUNDA FASE;3647;165;560;195;73;2537;99;567;498;114;564;408;0;36;51;0;0;0;305;305;no lectura;737;734;no lectura;;19557;;17070;;13406;22632;28;1766;50
21/05/2021;22:00;56H;PERFORANDO SEGUNDA FASE;3904;9;568;1;39;2625;91;564;504;90;562;502;0;36;50;0;0;0;341;359;no lectura;618;602;no lectura;;;;;;;;;;
22/05/2021;6:00;56H;TRIP OUT;1104;4;541;0;0;0;0;0;0;0;0;0;0;36;14;0;0;0;148;173;no lectura;0;0;0;;;;;;;;;;
22/05/2021;10:00;56H;TRIP OUT;102;4;548;0;0;0;0;0;0;0;0;0;0;36;;0;0;0;163;186;no lectura;0;0;0;;;;;;;;;;
22/05/2021;14:00;56H;ARMANDO CRT;0;0;0;0;0;0;0;0;0;0;0;0;0;36;11;0;0;0;112;140;no lectura;0;0;0;;;;;;;;;;
22/05/2021;18:00;56H;BAJANDO CASING;897;214;554;-1;54;0;0;0;0;0;0;0;0;36;12;0;0;0;159;176;no lectura;0;0;0;;19557;;17094;;13407;22656;80;1039;50
22/05/2021;22:00;56H;BAJANDO CASING;1747;228;557;-3;59;0;0;0;0;0;0;0;0;36;13;0;0;0;162;186;no lectura;0;0;0;;;;;;;;;;
23/05/2021;6:00;56H;CEMENTANDO ;4145;5;550;0;0;0;0;0;0;0;0;0;0;36;20;0;0;0;200;250;no lectura;0;0;0;;;;;;;;;;
23/05/2021;10:00;56H;BAJANDO BHA #4 CALIBRACION;3545;4;553;0;0;0;0;0;0;0;0;0;0;36;8;0;0;0;84;107;no lectura;0;0;0;;;;;;;;;;
23/05/2021;14:00;56H;BAJANDO BHA #4 CALIBRACION;4398;4;540;0;0;0;0;0;0;0;0;0;0;36;9;0;0;0;86;106;no lectura;0;0;0;;;;;;;;;;
23/05/2021;18:00;56H;BAJANDO BHA #4 CALIBRACION;1535;4;547;0;0;0;0;0;0;0;0;0;0;36;10;0;0;0;100;128;no lectura;0;0;0;;19557;;17118;;13407;22680;9;607;50
23/05/2021;22:00;56H;BAJANDO BHA #4 CALIBRACION;2750;4;544;0;0;0;0;0;0;0;0;0;0;36;10;0;0;0;99;126;no lectura;0;0;0;;;;;;;;;;
24/05/2021;6:00;56H;EQUIPO EN REGISTROS;0;0;0;0;0;0;0;0;0;0;0;0;0;36;7;0;0;0;78;82;no lectura;0;0;0;;;;;;;;;;
24/05/2021;10:00;56H;EQUIPO EN REGISTROS;0;0;0;0;0;0;0;0;0;0;0;0;0;36;8;0;0;0;80;85;no lectura;0;0;0;;;;;;;;;;
24/05/2021;14:00;56H;EQUIPO EN REGISTROS;0;0;0;0;0;0;0;0;0;0;0;0;0;36;9;0;0;0;89;93;no lectura;0;0;0;;;;;;;;;;
24/05/2021;18:00;56H;BAJANDO BHA #5;0;338;555;0;0;0;0;0;0;0;0;0;0;36;11;0;0;0;123;142;no lectura;0;0;0;;19557;;17142;;13407;22704;20;560;50
24/05/2021;22:00;56H;BAJANDO BHA #5;1002;226;554;0;0;0;0;0;0;0;0;0;0;36;11;0;0;0;124;144;no lectura;0;0;0;;;;;;;;;;
25/05/2021;6:00;56H;SACANDO BHA #5;1742;347;580;0;0;0;0;0;0;0;0;0;0;36;10;0;0;0;141;159;no lectura;0;0;0;;;;;;;;;;
25/05/2021;10:00;56H;SACANDO BHA #5;156;4;540;0;0;0;0;0;0;0;0;0;0;36;9;0;0;0;87;108;no lectura;0;0;0;;;;;;;;;;
25/05/2021;14:00;56H;BAJANDO BHA # 6;1103;8;549;0;0;0;0;0;0;0;0;0;0;36;9;0;0;0;347;352;no lectura;0;0;0;;;;;;;;;;
25/05/2021;18:00;56H;BAJANDO BHA # 6;3001;5;572;0;0;0;0;0;0;0;0;0;0;36;11;0;0;0;100;117;no lectura;0;0;0;;19557;;17166;;13407;22728;;457;50
25/05/2021;22:00;56H;PERFORANDO FASE 3;4550;251;605;3;50;1099;0;0;0;68;457;445;0;38;40;0;0;0;360;380;no lectura;0;0;0;;;;;;;;;;
26/05/2021;6:00;56H;PERFORANDO FASE 3;4834;5;560;278;133;907;0;0;0;65;431;438;0;36;18;0;0;0;167;176;no lectura;196;200;no lectura;;;;;;;;;;
26/05/2021;10:00;56H;TRIP OUT;4482;309;643;1;39;0;0;0;0;0;0;0;0;36;20;0;0;0;120;121;no lectura;342;357;no lectura;;;;;;;;;;
26/05/2021;14:00;56H;TRIP OUT;3017;47;544;0;0;0;0;0;0;0;0;0;0;36;46;0;0;0;0;0;0;557;561;no lectura;;;;;;;;;;
26/05/2021;18:00;56H;TRIP OUT;2074;54;560;0;0;0;0;0;0;0;0;0;0;36;35;0;0;0;0;0;0;358;372;no lectura;;19557;;17186;;13439;22752;35;1091;50
26/05/2021;22:00;56H;TRIP OUT;978;48;558;0;0;0;0;0;0;0;0;0;0;36;40;0;0;0;0;0;0;402;412;no lectura;;;;;;;;;;
27/05/2021;6:00;56H;"BAJANDO LINER RANURADO 4 1/2""";3880;0;0;4;40;573;0;0;0;103;577;317;0;36;38;0;0;0;0;0;0;381;404;no lectura;;;;;;;;;;
27/05/2021;10:00;56H;TRIP OUT;1843;4;538;0;0;0;0;0;0;0;0;0;0;36;22;0;0;0;0;0;0;276;198;no lectura;;;;;;;;;;
27/05/2021;14:00;56H;TRIP OUT;1082;4;552;0;0;0;0;0;0;0;0;0;0;36;16;0;0;0;0;0;0;164;183;no lectura;;;;;;;;;;
27/05/2021;18:00;56H;ARMANDO EQUIPO BES;0;0;0;0;0;0;0;0;0;0;0;0;0;36;13;0;0;0;0;0;0;147;164;no lectura;;;;;;;;;;
27/05/2021;22:00;56H;BAJANDO EQUIPO BES;;;;;;;;;;;;;;;;;;;;;;;;;;;;;;;;;;
28/05/2021;6:00;56H;;;;;;;;;;;;;;;;;;;;;;;;;;;;;;;;;;;
28/05/2021;10:00;56H;;;;;;;;;;;;;;;;;;;;;;;;;;;;;;;;;;;
28/05/2021;14:00;56H;;;;;;;;;;;;;;;;;;;;;;;;;;;;;;;;;;;
28/05/2021;18:00;56H;;;;;;;;;;;;;;;;;;;;;;;;;;;;;;;;;;;
28/05/2021;22:00;56H;;;;;;;;;;;;;;;;;;;;;;;;;;;;;;;;;;;
8/06/2021;6:00;50H;PERFORANDO FASE 1;60;108;547;280;44;356;0;0;0;50;400;250;0;36;45;0;0;0;0;0;0;360;430;no lectura;;;;;;;;;;
8/06/2021;10:00;50H;PERFORANDO FASE 1;200;116;551;182;77;882;67;451;432;67;451;432;0;36;40;0;0;0;300;350;no lectura;350;400;no lectura;;;;;;;;;;
8/06/2021;14:00;50H;PERFORANDO FASE 1;380;116;550;200;77;850;67;451;432;67;451;432;0;36;40;0;0;0;300;350;no lectura;350;400;no lectura;;;;;;;;;;
8/06/2021;18:00;50H;PERFORANDO FASE 1;520;4,4;550;4;40;827;72;477;425;72;477;430;0;40;30;0;0;0;300;330;no lectura;240;280;no lectura;;19559;;17194;;13536;22966;18;879;50
8/06/2021;22:00;50H;TRIP OUT;400;600;530;0;0;0;0;0;0;0;0;0;0;45;20;0;0;0;0;0;0;150;200;no lectura;;;;;;;;;;
9/06/2021;6:00;50H;SEMENTANDO FASE 1;649;10;571;18;51;0;0;0;0;0;0;0;0;35;20;0;0;0;0;0;0;150;200;no lectura;;;;;;;;;;
9/06/2021;10:00;50H;ARMANDO PREVENTORA;0;5;550;0;0;0;0;0;0;0;0;0;0;40;12;0;0;0;0;0;0;120;180;no lectura;;;;;;;;;;
9/06/2021;14:00;50H;ARMANOD BHA #2;600;4,1;3;40;0;0;0;0;0;0;0;0;0;40;10;0;0;0;0;0;0;150;200;no lectura;;;;;;;;;;
9/06/2021;18:00;50H;PERFORANDO FASE 2;630;5;550;4;40;600;0;0;0;40;450;400;0;40;15;100;150;no lectura;0;0;0;100;150;no lectura;;19563;;17194;;13560;22990;0;719;50
9/06/2021;22:00;50H;PERFORANDO FASE 2;920;129;551;4;40;1622;93;563;410;93;561;421;0;40;40;330;350;no lectura;0;0;0;450;500;no lectura;;;;;;;;;;
10/06/2021;6:00;50H;PERFORANDO FASE 2;1568;60;653;161;51;1823;93;562;414;93;557;404;0;40;45;380;400;no lectura;0;0;0;450;480;no lectura;;;;;;;;;;
10/06/2021;10:00;50H;PERFORANDO FASE 2;2015;5;554;161;52;2142;93;562;436;93;560;459;0;40;55;500;525;no lectura;0;0;0;500;520;no lectura;;;;;;;;;;
10/06/2021;14:00;50H;PERFORANDO FASE 2;2172;47;547;169;85;2294;93;565;489;93;563;479;0;40;60;470;500;no lectura;0;0;0;570;610;no lectura;;;;;;;;;;
10/06/2021;18:00;50H;PERFORANDO FASE 2;2490;78;570;195;97;2575;93;558;476;93;560;499;0;40;65;510;540;no lectura;0;0;0;560;610;no lectura;;19587;24;17194;24;13584;23014;125;1682;50
10/06/2021;22:00;50H;PERFORANDO FASE 2;2987;5;564;177;75;2532;93;563;501;93;565;470;0;40;61;480;510;no lectura;0;0;0;500;538;no lectura;;;;;;;;;;
11/06/2021;6:00;50H;PERFORANDO FASE 2;3711;6;555;3;41;2853;93;557;510;93;560;538;0;40;70;540;570;no lectura;0;0;0;600;640;no lectura;;;;;;;;;;
11/06/2021;10:00;50H;PERFORANDO FASE 2;3950;7,8;533;2;40;2915;114;559;415;110;560;566;0;40;65;550;570;no lectura;0;0;0;620;650;no lectura;;;;;;;;;;
11/06/2021;14:00;50H;PERFORANDO FASE 2;4229;6;572;2;40;2129;97;568;402;97;563;421;0;40;45;380;400;no lectura;0;0;0;400;440;no lectura;;;;;;;;;;
11/06/2021;18:00;50H;PERFORANDO FASE 2;4500;4;567;260;125;2159;92;562;414;91;565;456;0;35;45;400;440;no lectura;0;0;0;415;440;no lectura;;19611;48;17194;48;13608;23038;60;1511;55
11/06/2021;22:00;50H;PERFORANDO FASE 2;4918;5;556;257;116;1949;94;561;400;90;559;444;0;40;43;370;380;no lectura;420;450;no lectura;0;0;0;;;;;;;;;;
12/06/2021;6:00;50H;TRIP OUT;3640;4,7;555;4;40;2512;110;560;375;114;560;516;0;40;50;450;470;no lectura;480;500;no lectura;0;0;0;;;;;;;;;;
12/06/2021;10:00;50H;TRIP OUT;2146;256;558;0;0;0;0;0;0;0;0;0;0;40;20;200;250;no lectura;180;200;no lectura;0;0;0;;;;;;;;;;
12/06/2021;14:00;50H;TRIP OUT;1400;250;550;0;0;0;0;0;0;0;0;0;0;40;20;200;250;no lectura;0;0;0;0;0;0;;;;;;;;;;
12/06/2021;18:00;50H;ARMANDO CRT;0;5;550;0;0;0;0;0;0;0;0;0;0;40;15;150;200;no lectura;0;0;0;0;0;0;;19635;;17208;;13615;23062;0;1435;50
12/06/2021;22:00;50H;BAJANDO CASING;1035;4;539;18;59;0;0;0;0;0;0;0;0;40;20;200;250;no lectura;0;0;0;0;0;0;;;;;;;;;;
13/06/2021;6:00;50H;SEMENTANDO;5024;109;582;0;0;181;102;572;305;0;0;0;0;40;25;220;280;no lectura;0;0;0;0;0;0;;;;;;;;;;
13/06/2021;10:00;50H;ARMANDO PREVENTORA;0;5;550;0;0;0;0;0;0;0;0;0;0;35;15;150;200;no lectura;0;0;0;0;0;0;;;;;;;;;;
13/06/2021;14:00;50H;ARMANDO PREVENTORA;0;5;550;0;0;0;0;0;0;0;0;0;0;35;15;150;200;no lectura;0;0;0;0;0;0;;;;;;;;;;
13/06/2021;18:00;50H;VIAJE DE LIMPIEZA;100;120;555;0;0;0;0;0;0;0;0;0;0;35;20;200;250;no lectura;0;0;0;0;0;0;;19659;;17208;;13615;23086;0;439;50
13/06/2021;22:00;50H;VIAJE DE LIMPIEZA;3500;250;560;0;0;0;0;0;0;0;0;0;0;35;30;300;350;no lectura;0;0;0;0;0;0;;;;;;;;;;
14/06/2021;6:00;50H;TRIP OUT;3905;740;614;0;0;0;0;0;0;0;0;0;0;45;35;350;400;no lectura;0;0;0;0;0;0;;;;;;;;;;
14/06/2021;10:00;50H;TRIP OUT;1320;500;460;0;0;0;0;0;0;0;0;0;0;40;20;200;250;no lectura;0;0;0;0;0;0;;;;;;;;;;
14/06/2021;14:00;50H;REGISTROS;0;0;0;0;0;0;0;0;0;0;0;0;0;0;5;50;100;no lectura;0;0;0;0;0;0;;;;;;;;;;
14/06/2021;18:00;50H;REGISTROS;0;0;0;0;0;0;0;0;0;0;0;0;0;0;7;0;0;0;80;120;no lectura;0;0;0;;19678;;17216;;13617;23110;0;325;50
14/06/2021;22:00;50H;ARMANDO BHA #3;150;5;550;0;0;0;0;0;0;0;0;0;0;35;12;0;0;0;120;170;no lectura;0;0;0;;;;;;;;;;
15/06/2021;6:00;50H;TRIP IN;4000;5;564;1;40;30;0;0;0;60;398;410;0;35;20;0;0;0;200;280;no lectura;0;0;0;;;;;;;;;;
15/06/2021;10:00;50H;PERFORANDO FASE 3;5100;13;575;289;130;942;65;431;438;0;0;0;0;36;40;0;0;0;380;430;no lectura;0;0;0;;;;;;;;;;
15/06/2021;14:00;50H;PERFORANDO FASE 3;5230;5;550;4;40;900;65;430;440;0;0;0;0;36;35;0;0;0;350;400;no lectura;0;0;0;;;;;;;;;;
15/06/2021;18:00;50H;TRIP OUT;5422;4,2;537;0;0;0;0;0;0;0;0;0;0;36;15;0;0;0;150;220;no lectura;0;0;0;;19679;;17240;;13619;23134;62;956;50
15/06/2021;22:00;50H;TRIP OUT;2830;490;560;0;0;0;0;0;0;0;0;0;0;50;30;0;0;0;300;350;no lectura;0;0;0;;;;;;;;;;
16/06/2021;6:00;50H;TRIP IN;2248;51;554;0;0;0;0;0;0;0;0;0;0;36;20;0;0;0;180;200;no lectura;0;0;0;;;;;;;;;;
16/06/2021;10:00;50H;ABANDONO;2600;560;550;0;0;0;0;0;0;0;0;0;0;40;25;0;0;0;250;300;no lectura;0;0;0;;;;;;;;;;
16/06/2021;14:00;50H;ABANDONO;5100;0;0;0;0;0;0;0;0;0;0;0;0;0;10;0;0;0;100;150;no lectura;0;0;0;;;;;;;;;;
16/06/2021;18:00;50H;ABANDONO;5100;0;0;0;0;0;0;0;0;0;0;0;0;0;8;0;0;0;80;120;no lectura;0;0;0;;19679;;17264;;13619;23158;160;330;50
16/06/2021;22:00;50H;ABANDONO;4980;5;550;0;0;350;100;460;400;0;0;0;0;0;20;0;0;0;200;250;no lectura;0;0;0;;;;;;;;;;
21/06/2021;6:00;50H;ABANDONO;3500;0;0;0;0;0;0;0;0;0;0;0;0;0;10;0;0;0;100;150;no lectura;0;0;0;;;;;;;;;;
21/06/2021;10:00;;MOVILIZANDO EQUIPO;;;;;;;;;;;;;;;;0;0;;;;0;0;0;0;;;;;;;;;;
21/06/2021;14:00;;MOVILIZANDO EQUIPO;;;;;;;;;;;;;;;;0;0;;;;0;0;0;0;;;;;;;;;;
21/06/2021;18:00;52H;MOVILIZANDO EQUIPO;0;5;550;0;0;0;0;0;0;0;0;0;0;36;10;0;0;0;100;150;no lectura;0;0;0;;19680;;17306;;13619;23278;10;216;50
21/06/2021;22:00;52H;MOVILIZANDO EQUIPO;0;5;550;0;0;0;0;0;0;0;0;0;0;36;10;0;0;0;100;150;no lectura;0;0;0;;;;;;;;;;
22/06/2021;6:00;52H;PERFORANDO FASE 1;150;2;534;316;64;176;68;450;411;0;0;0;0;36;30;0;0;0;300;350;no lectura;0;0;0;;;;;;;;;;
22/06/2021;10:00;52H;PERFORANDO FASE 1;245;4;540;2;40;771;80;555;425;86;535;432;0;36;30;0;0;0;230;260;no lectura;210;250;no lectura;;;;;;;;;;
22/06/2021;14:00;52H;PERFORANDO FASE 1;400;5;545;4;40;915;96;575;336;103;565;336;0;36;40;0;0;0;280;330;no lectura;210;230;no lectura;;;;;;;;;;
22/06/2021;18:00;52H;TRIP OUT;600;15;550;4;40;106;96;580;350;103;570;345;0;36;40;0;0;0;300;350;no lectura;250;300;no lectura;;19680;;17330;;13626;23302;100;631;50
22/06/2021;22:00;52H;DESARMANDO BHA # 1;50;5;550;0;0;0;0;0;0;0;0;0;0;36;15;0;0;0;150;200;no lectura;0;0;0;;;;;;;;;;
23/06/2021;6:00;52H;ARMANDO PREVENTORA;0;0;0;0;0;0;0;0;0;0;0;0;0;36;10;0;0;0;100;150;no lectura;0;0;0;;;;;;;;;;
23/06/2021;10:00;52H;ARMANDO PREVENTORA;0;5;550;0;0;0;0;0;0;0;0;0;0;36;10;0;0;0;100;150;no lectura;0;0;0;;;;;;;;;;
23/06/2021;14:00;52H;ARMANDO BHA #2 DIRECCIONAL;150;4;550;0;0;0;0;0;0;0;0;0;0;36;20;0;0;0;172;250;no lectura;0;0;0;;;;;;;;;;
23/06/2021;18:00;52H;PERFORANDO FASE 2;744;7;513;163;50;1100;77;510;433;77;510;434;0;40;33;250;280;no lectura;0;0;0;300;350;no lectura;;19682;;17350;;13632;23326;0;1104;50
23/06/2021;22:00;52H;PERFORANDO FASE 2;1040;4,5;544;151;46;1813;93;561;406;93;563;425;0;40;44;0;0;0;400;430;no lectura;380;415;no lectura;;;;;;;;;;
24/06/2021;6:00;52H;PERFORANDO FASE 2;1620;53;559;159;62;1958;93;564;432;93;562;449;0;36;49;0;0;0;420;450;no lectura;520;545;no lectura;;;;;;;;;;
24/06/2021;10:00;52H;PERFORANDO FASE 2;2200;22,5;575;171;72;2840;92;556;534;92;563;545;0;36;63;0;0;0;540;560;no lectura;630;680;no lectura;;;;;;;;;;
24/06/2021;14:00;52H;PERFORANDO FASE 2;2500;28;566;1;41;2268;84;560;526;84;562;523;0;36;48;0;0;0;470;500;no lectura;500;560;no lectura;;;;;;;;;;
24/06/2021;18:00;52H;PERFORANDO FASE 2;2950;5;579;27;70;2715;93;558;517;93;561;532;0;36;57;0;0;0;423;420;no lectura;730;733;no lectura;;19682;;17374;;13656;23350;99;1415;50
24/06/2021;22:00;52H;PERFORANDO FASE 2;3400;4;573;25;70;2715;93;555;515;93;558;529;0;36;55;0;0;0;420;418;no lectura;728;730;no lectura;;;;;;;;;;
25/06/2021;6:00;52H;PERFORANDO FASE 2;3936;5;575;32;96;2132;98;567;414;91;570;453;0;36;43;0;0;0;321;331;no lectura;539;531;no lectura;;;;;;;;;;
25/06/2021;10:00;52H;PERFORANDO FASE 2;4100;5;570;36;87;275;20;568;390;20;564;404;0;36;29;0;0;0;187;192;no lectura;274;292;no lectura;;;;;;;;;;
25/06/2021;14:00;52H;PERFORANDO FASE 2;4269;112;585;4;40;990;60;405;419;61;405;434;0;36;29;0;0;0;159;168;no lectura;425;432;no lectura;;;;;;;;;;
25/06/2021;18:00;52H;PERFORANDO FASE 2;4361;5;575;-1;40;2416;101;563;397;103;565;474;0;36;48;0;0;0;369;371;no lectura;595;591;no lectura;;19686;;17397;;13680;23374;;1816;50
25/06/2021;22:00;52H;PERFORANDO FASE 2;4505;5;578;20;95;2414;100;565;386;104;568;468;0;36;50;0;0;0;382;381;no lectura;618;619;no lectura;;;;;;;;;;
26/06/2021;6:00;52H;TRIP OUT;1417;25;540;0;0;0;0;0;0;0;0;0;0;36;12;0;0;0;133;154;no lectura;0;0;0;;;;;;;;;;
26/06/2021;10:00;52H;TRIP OUT;22;4;540;0;0;0;0;0;0;0;0;0;0;36;12;0;0;0;116;143;no lectura;0;0;0;;;;;;;;;;
26/06/2021;14:00;52H;TRIP IN;3008;4;558;-1;39;212;0;0;0;102;578;309;0;36;19;0;0;0;197;220;no lectura;0;0;0;;;;;;;;;;
26/06/2021;18:00;52H;CIRCULANDO;4347;0;0;48;83;173;0;0;0;112;579;274;0;36;17;0;0;0;163;186;no lectura;0;0;0;;19686;;17421;;13692;23398;18;680;50
26/06/2021;22:00;52H;CIRCULANDO;4400;0;0;28;75;175;0;0;0;112;580;275;0;36;18;0;0;0;168;188;no lectura;0;0;0;;;;;;;;;;
27/06/2021;6:00;52H;TRIP IN;2065;0;0;36;46;0;0;0;0;0;0;0;0;36;7;0;0;0;71;95;no lectura;0;0;0;;;;;;;;;;
27/06/2021;10:00;52H;TRIP IN;3946;4;533;6;81;0;0;0;0;0;0;0;0;36;14;0;0;0;128;152;no lectura;0;0;0;;;;;;;;;;
27/06/2021;14:00;52H;TRIP OUT;1375;197;552;0;0;0;0;0;0;0;0;0;0;36;20;0;0;0;166;192;no lectura;0;0;0;;;;;;;;;;
27/06/2021;18:00;52H;TRIP OUT;526;-4;545;53;49;0;0;0;0;0;0;0;0;36;14;0;0;0;128;155;no lectura;0;0;0;;19686;;17445;;13692;23422;;338;50
27/06/2021;22:00;52H;TRIP OUT;24;4;553;0;0;0;0;0;0;0;0;0;0;36;12;0;0;0;124;152;no lectura;0;0;0;;;;;;;;;;
28/06/2021;6:00;52H;CIRCULANDO;409;103;539;1;39;172;0;0;0;89;574;390;0;36;18;0;0;0;193;212;no lectura;0;0;0;;;;;;;;;;
28/06/2021;10:00;52H;TRIP OUT;399;4;546;0;0;0;0;0;0;0;0;0;0;36;9;0;0;0;118;130;no lectura;0;0;0;;;;;;;;;;
28/06/2021;14:00;52H;MOVILIZACION;;;;;;;;;;;;;;;;;;;;;;;;;;;;;;;;;;
28/06/2021;18:00;52H;MOVILIZACION;;;;;;;;;;;;;;;;;;;;;;;;;;19686;;17469;;13692;23446;64;664;50
28/06/2021;22:00;52H;MOVILIZACION;;;;;;;;;;;;;;;;;;;;;;;;;;;;;;;;;;
29/06/2021;6:00;;MOVILIZACION;;;;;;;;;;;;;;;;;;;;;;;;;;;;;;;;;;
29/06/2021;10:00;;MOVILIZACION;;;;;;;;;;;;;;;;;;;;;;;;;;;;;;;;;;
29/06/2021;14:00;;MOVILIZACION;;;;;;;;;;;;;;;;;;;;;;;;;;;;;;;;;;
29/06/2021;18:00;;MOVILIZACION;;;;;;;;;;;;;;;;;;;;;;;;;;;;;;;;;;
29/06/2021;22:00;;MOVILIZACION;;;;;;;;;;;;;;;;;;;;;;;;;;;;;;;;;;
30/06/2021;6:00;59H;MOVILIZACION;;;;;;;;;;;;;;;;;;;;;;;;;;;;;;;;;;
30/06/2021;10:00;59H;MOVILIZACION;;;;;;;;;;;;;;;;;;;;;;;;;;;;;;;;;;
30/06/2021;14:00;59H;MOVILIZACION;;;;;;;;;;;;;;;;;;;;;;;;;;;;;;;;;;
30/06/2021;18:00;59H;MOVILIZACION;;;;;;;;;;;;;;;;;;;;;;;;;;;;;;;;;;
30/06/2021;22:00;59H;MOVILIZACION;;;;;;;;;;;;;;;;;;;;;;;;;;;;;;;;;;
1/07/2021;6:00;59H;MOVILIZACION;;;;;;;;;;;;;;;;;;;;;;;;;;;;;;;;;;
1/07/2021;10:00;59H;INICIO PERFORACION FASE 1;1;0;0;0;0;0;0;0;0;0;0;0;0;36;10;97;110;no lectura;0;0;0;0;0;0;;;;;;;;;;
1/07/2021;14:00;59H;INICIO PERFORACION FASE 1;3;4;548;4;40;0;0;0;0;0;0;0;0;36;9;0;0;0;85;104;no lectura;0;0;0;;;;;;;;;;
1/07/2021;18:00;59H;INICIO PERFORACION FASE 1;21;30;545;0;0;0;0;0;0;0;0;0;0;36;13;0;0;0;127;148;no lectura;0;0;0;;;;;;;;;;
1/07/2021;22:00;59H;INICIO PERFORACION FASE 1;55;24;552;0;0;0;0;0;0;0;0;0;0;36;13;0;0;0;125;147;no lectura;0;0;0;;;;;;;;;;
2/07/2021;6:00;59H;INICIO PERFORACION FASE 1;11;4;547;0;0;0;0;35;385;0;0;0;0;36;12;0;0;0;124;144;no lectura;0;0;0;;;;;;;;;;
2/07/2021;10:00;59H;INICIO PERFORACION FASE 1;164;4;541;25;77;0;0;0;0;0;0;0;0;36;15;0;0;0;155;182;no lectura;0;0;0;;;;;;;;;;
2/07/2021;14:00;59H;PARADA DE EQUIPO POR GENERADOR ;169;0;0;0;0;0;0;0;0;0;0;0;0;0;17;0;0;0;151;178;no lectura;0;0;0;;;;;;;;;;
2/07/2021;18:00;59H;PARADA DE EQUIPO POR GENERADOR ;;;;;;;;;;;;;;;;;;;;;;;;;;;;;;;;;;
2/07/2021;22:00;59H;PARADA DE EQUIPO POR GENERADOR ;;;;;;;;;;;;;;;;;;;;;;;;;;;;;;;;;;
3/07/2021;6:00;59H;PARADA DE EQUIPO POR GENERADOR ;;;;;;;;;;;;;;;;;;;;;;;;;;;;;;;;;;
3/07/2021;10:00;59H;PARADA DE EQUIPO POR GENERADOR ;;;;;;;;;;;;;;;;;;;;;;;;;;;;;;;;;;
3/07/2021;14:00;59H;PARADA DE EQUIPO POR GENERADOR ;;;;;;;;;;;;;;;;;;;;;;;;;;;;;;;;;;
3/07/2021;18:00;59H;PARADA DE EQUIPO POR GENERADOR ;;;;;;;;;;;;;;;;;;;;;;;;;;;;;;;;;;
3/07/2021;22:00;59H;PARADA DE EQUIPO POR GENERADOR ;;;;;;;;;;;;;;;;;;;;;;;;;;;;;;;;;;
4/07/2021;6:00;59H;PARADA DE EQUIPO POR GENERADOR ;;;;;;;;;;;;;;;;;;;;;;;;;;;;;;;;;;
4/07/2021;10:00;59H;PARADA DE EQUIPO POR GENERADOR ;;;;;;;;;;;;;;;;;;;;;;;;;;;;;;;;;;
4/07/2021;14:00;59H;PARADA DE EQUIPO POR GENERADOR ;;;;;;;;;;;;;;;;;;;;;;;;;;;;;;;;;;
4/07/2021;18:00;59H;PARADA DE EQUIPO POR GENERADOR ;;;;;;;;;;;;;;;;;;;;;;;;;;;;;;;;;;
4/07/2021;22:00;59H;PARADA DE EQUIPO POR GENERADOR ;;;;;;;;;;;;;;;;;;;;;;;;;;;;;;;;;;
5/07/2021;6:00;59H;PARADA DE EQUIPO POR GENERADOR ;;;;;;;;;;;;;;;;;;;;;;;;;;;;;;;;;;
5/07/2021;10:00;59H;PARADA DE EQUIPO POR GENERADOR ;;;;;;;;;;;;;;;;;;;;;;;;;;;;;;;;;;
5/07/2021;14:00;59H;PARADA DE EQUIPO POR GENERADOR ;;;;;;;;;;;;;;;;;;;;;;;;;;;;;;;;;;
5/07/2021;18:00;59H;PARADA DE EQUIPO POR GENERADOR ;;;;;;;;;;;;;;;;;;;;;;;;;;;;;;;;;;
5/07/2021;22:00;59H;PARADA DE EQUIPO POR GENERADOR ;;;;;;;;;;;;;;;;;;;;;;;;;;;;;;;;;;
6/07/2021;6:00;59H;PERFORANDO SEGUNDA FASE;654;23;554;116;47;475;101;573;304;0;0;0;0;36;12;265;294;no lectura;0;0;0;0;0;0;;;;;;;;;;
6/07/2021;10:00;59H;PERFORANDO SEGUNDA FASE;896;52;549;151;56;1531;89;565;429;88;562;450;0;36;33;429;421;no lectura;254;269;no lectura;0;0;0;;;;;;;;;;
6/07/2021;14:00;59H;PERFORANDO SEGUNDA FASE;1209;123;536;127;66;1821;93;567;436;93;563;419;0;36;37;427;423;no lectura;343;345;no lectura;0;0;0;;;;;;;;;;
6/07/2021;18:00;59H;PERFORANDO SEGUNDA FASE;1411;223;570;4;40;1609;85;563;465;84;562;478;0;36;33;364;361;no lectura;302;306;no lectura;0;0;0;;14479;;17586;;13756;23638;36;896;50
6/07/2021;22:00;59H;PERFORANDO SEGUNDA FASE;1864;4;556;1;41;1884;94;567;437;93;564;422;0;36;38;367;366;no lectura;317;316;no lectura;0;0;0;;;;;;;;;;
9/05/2022;6:00;100D;BAJANDO BHA DE ACONDICIONAMIENTO;4;572;544;0;0;0;0;0;0;0;0;0;0;38;19;0;0;0;0;0;0;178;222;18%;;;;;;;;;;
9/05/2022;10:00;100D;BAJANDO BHA DE ACONDICIONAMIENTO;3169;573;488;0;0;0;0;0;0;0;0;0;0;38;18;0;0;0;0;0;0;198;260;29%;;;;;;;;;;
9/05/2022;14:00;100D;BAJANDO BHA DE ACONDICIONAMIENTO;4685;574;559;570;39;728;0;0;0;123;573;258;0;37;40;0;0;0;0;0;0;365;417;39%;;;;;;;;;;
9/05/2022;18:00;100D;SACANDO BHA DE ACONDICIONAMIENTO;4459;571;578;0;0;0;0;0;0;0;0;0;0;37;19;0;0;0;0;0;0;152;200;23%;;;;;;;;;;
9/05/2022;22:00;100D;SACANDO BHA DE ACONDICIONAMIENTO;497;572;542;0;0;0;0;0;0;0;0;0;0;38;18;0;0;0;0;0;0;177;208;17%;;17911;;29349;;17815;9010;;440;100
10/05/2022;6:00;100D;BAJANDO BHA DE ACONDICIONAMIENTO;3552;575;557;0;0;0;0;0;0;0;0;0;0;36;15;0;0;0;0;0;0;158;209;20%;;;;;;;;;;
10/05/2022;10:00;100D;BAJANDO BHA DE ACONDICIONAMIENTO;5264;575;542;0;0;0;0;0;0;0;0;0;0;36;8;0;0;0;94;163;12%;41;49;12%;;;;;;;;;;
10/05/2022;14:00;100D;REACONDICIONANDO POZO;5346;575;581;578;130;503;0;0;0;35;577;415;0;38;15;0;0;0;172;235;25%;131;163;23%;;;;;;;;;;
10/05/2022;18:00;100D;REACONDICIONANDO POZO;5659;573;574;574;114;0;0;0;0;0;577;433;0;36;21;243;260;28%;0;0;0%;215;275;23%;;;;;;;;;;
10/05/2022;22:00;100D;REACONDICIONANDO POZO;5870;574;575;573;112;512;0;0;0;38;577;436;0;36;22;241;261;27%;0;0;0;216;274;22%;;17912;;29356;;178663;9050;;895;100
10/07/2021;6:00;100D;SACANDO BHA DE ACONDICIONAMIENTO;4036;573;575;572;81;893;0;0;0;58;574;431;0;36;32;0;0;0;0;0;0;339;398;38%;;;;;;;;;;
10/07/2021;10:00;100D;SACANDO BHA DE ACONDICIONAMIENTO;2169;574;602;0;0;0;0;0;0;0;0;0;0;38;22;0;0;0;0;0;0;229;288;25%;;;;;;;;;;
10/07/2021;14:00;100D;SACANDO BHA DE ACONDICIONAMIENTO;380;573;543;0;0;0;0;0;0;0;0;0;0;36;17;0;0;0;0;0;0;176;250;21%;;;;;;;;;;
10/07/2021;18:00;100D;SACANDO BHA DE ACONDICIONAMIENTO;380;571;536;0;0;0;0;0;0;0;0;0;0;36;17;0;0;0;0;0;0;156;212;20%;;;;;;;;;;
10/07/2021;22:00;100D;BAJANDO LINER RANURADO;1600;573;574;0;0;0;0;0;0;0;0;0;0;38;21;0;0;0;0;0;0;215;275;23%;;17923;;29367;;17556;13157;29;697;100
11/07/2021;6:00;100D;BAJANDO LINER RANURADO;6146;574;529;0;0;0;0;0;0;0;0;0;0;36;9;123;167;19%;0;0;0;0;0;0;;;;;;;;;;
11/07/2021;10:00;100D;SACANDO TUBERIA;4012;573;538;0;0;0;0;0;0;0;0;0;0;36;15;184;221;28%;0;0;0;0;0;0;;;;;;;;;;
11/07/2021;14:00;100D;SACANDO TUBERIA;2331;574;545;0;0;0;0;0;0;0;0;0;0;36;18;209;242;30%;0;0;0;0;0;0;;;;;;;;;;
11/07/2021;18:00;100D;SACANDO TUBERIA;1521;0;0;0;0;0;0;0;0;0;0;0;0;36;13;130;172;19%;0;0;0;0;0;0;;;;;;;;;;
11/07/2021;22:00;100D;ARMANDO EQUIPO BES;1521;573;524;0;0;0;0;0;0;0;0;0;0;36;12;128;169;18%;0;0;0;0;0;0;;17937;;29367;;17901;13181;;605;100
